Parish,Cases,DateTime,FID,x,y
Red River,,"3/27/2020, 11:00 AM",1,-10390550.14,3775561.315
Richland,2,"3/27/2020, 11:00 AM",2,-10211648.59,3824147.526
Ouachita,,"3/18/2020, 11:00 AM",3,-10258625.41,3826287.704
Sabine,,"3/27/2020, 11:00 AM",4,-10411411.41,3707251.332
St. Bernard,31,"3/27/2020, 11:00 AM",5,-9993785.21,3485216.395
St. Charles,23,"3/27/2020, 11:00 AM",6,-10059096.35,3488646.539
Out of State,,"3/18/2020, 11:00 AM",7,0,0
Parish Under Investigation,,"3/18/2020, 11:00 AM",8,0,0
St. Helena,,"3/27/2020, 11:00 AM",9,-10097824.41,3609672.115
Plaquemines,,"3/18/2020, 11:00 AM",10,-10001555.31,3456784.848
St. James,40,"3/27/2020, 11:00 AM",11,-10107397.88,3506939.912
Pointe Coupee,,"3/18/2020, 11:00 AM",12,-10193113.89,3581957.375
St. John the Baptist,41,"3/27/2020, 11:00 AM",13,-10079623.67,3513462.898
St. Landry,10,"3/27/2020, 11:00 AM",14,-10242038.81,3580798.537
Rapides,,"3/18/2020, 11:00 AM",15,-10300748.71,3658620.138
St. Martin,10,"3/27/2020, 11:00 AM",16,-10210980.67,3532937.295
St. Mary,6,"3/27/2020, 11:00 AM",17,-10180345.54,3468099.931
Red River,,"3/18/2020, 11:00 AM",18,-10390550.14,3775561.315
St. Tammany,111,"3/27/2020, 11:00 AM",19,-10011930.29,3561118.535
Tangipahoa,7,"3/27/2020, 11:00 AM",20,-10064617.8,3586895.275
Richland,,"3/18/2020, 11:00 AM",21,-10211648.59,3824147.526
Tensas,,"3/27/2020, 11:00 AM",22,-10167922.29,3763563.972
Terrebonne,23,"3/27/2020, 11:00 AM",23,-10113097.44,3431495.998
Sabine,,"3/18/2020, 11:00 AM",24,-10411411.41,3707251.332
Union,4,"3/27/2020, 11:00 AM",25,-10283126.83,3873039.193
St. Bernard,2,"3/18/2020, 11:00 AM",26,-9993785.21,3485216.395
Vermilion,2,"3/27/2020, 11:00 AM",27,-10277416.14,3483772.466
St. Charles,3,"3/18/2020, 11:00 AM",28,-10059096.35,3488646.539
St. Helena,,"3/18/2020, 11:00 AM",29,-10097824.41,3609672.115
Vernon,2,"3/27/2020, 11:00 AM",30,-10373206.56,3646859.666
St. James,,"3/18/2020, 11:00 AM",31,-10107397.88,3506939.912
St. John the Baptist,1,"3/18/2020, 11:00 AM",32,-10079623.67,3513462.898
Washington,8,"3/27/2020, 11:00 AM",33,-10023262.61,3613735.316
St. Landry,,"3/18/2020, 11:00 AM",34,-10242038.81,3580798.537
St. Martin,,"3/18/2020, 11:00 AM",35,-10210980.67,3532937.295
Webster,9,"3/27/2020, 11:00 AM",36,-10390004.67,3857402.163
St. Mary,,"3/18/2020, 11:00 AM",37,-10180345.54,3468099.931
St. Tammany,6,"3/18/2020, 11:00 AM",38,-10011930.29,3561118.535
West Baton Rouge,11,"3/27/2020, 11:00 AM",39,-10164894.4,3563268.667
West Carroll,,"3/27/2020, 11:00 AM",40,-10180913.27,3867302.808
Tangipahoa,,"3/18/2020, 11:00 AM",41,-10064617.8,3586895.275
Tensas,,"3/18/2020, 11:00 AM",42,-10167922.29,3763563.972
West Feliciana,1,"3/27/2020, 11:00 AM",43,-10176004.08,3616641.565
Winn,1,"3/27/2020, 11:00 AM",44,-10312270.27,3756026.281
Terrebonne,3,"3/18/2020, 11:00 AM",45,-10113097.44,3431495.998
Union,,"3/18/2020, 11:00 AM",46,-10283126.83,3873039.193
Acadia,9,"3/28/2020, 11:00 AM",47,-10287256.78,3540974.193
Allen,7,"3/28/2020, 11:00 AM",48,-10333543.43,3587782.932
Vermilion,,"3/18/2020, 11:00 AM",49,-10277416.14,3483772.466
Vernon,,"3/18/2020, 11:00 AM",50,-10373206.56,3646859.666
Ascension,107,"3/28/2020, 11:00 AM",51,-10120199.62,3529750.239
Assumption,8,"3/28/2020, 11:00 AM",52,-10137042.26,3490821.665
Washington,1,"3/18/2020, 11:00 AM",53,-10023262.61,3613735.316
Webster,,"3/18/2020, 11:00 AM",54,-10390004.67,3857402.163
Avoyelles,12,"3/28/2020, 11:00 AM",55,-10241549,3642689.415
Beauregard,4,"3/28/2020, 11:00 AM",56,-10390928.62,3587216.17
West Baton Rouge,,"3/18/2020, 11:00 AM",57,-10164894.4,3563268.667
West Carroll,,"3/18/2020, 11:00 AM",58,-10180913.27,3867302.808
Bienville,3,"3/28/2020, 11:00 AM",59,-10358946.54,3809003.115
Bossier,45,"3/28/2020, 11:00 AM",60,-10420083.2,3852857.003
West Feliciana,,"3/18/2020, 11:00 AM",61,-10176004.08,3616641.565
Winn,,"3/18/2020, 11:00 AM",62,-10312270.27,3756026.281
Caddo,189,"3/28/2020, 11:00 AM",63,-10450952.09,3839827.799
Calcasieu,28,"3/28/2020, 11:00 AM",64,-10392565.02,3533072.576
Acadia,,"3/19/2020, 11:00 AM",65,-10287256.78,3540974.193
Allen,,"3/19/2020, 11:00 AM",66,-10333543.43,3587782.932
Caldwell,,"3/28/2020, 11:00 AM",67,-10254373.01,3775449.626
Ascension,2,"3/19/2020, 11:00 AM",68,-10120199.62,3529750.239
Cameron,,"3/28/2020, 11:00 AM",69,-10370134.14,3493112.752
Assumption,,"3/19/2020, 11:00 AM",70,-10137042.26,3490821.665
Catahoula,1,"3/28/2020, 11:00 AM",71,-10230428.18,3715327.443
Avoyelles,,"3/19/2020, 11:00 AM",72,-10241549,3642689.415
Claiborne,4,"3/28/2020, 11:00 AM",73,-10352233.97,3871825.723
Beauregard,,"3/19/2020, 11:00 AM",74,-10390928.62,3587216.17
Concordia,,"3/28/2020, 11:00 AM",75,-10201318.14,3690859.394
Bienville,,"3/19/2020, 11:00 AM",76,-10358946.54,3809003.115
De Soto,21,"3/28/2020, 11:00 AM",77,-10434577,3770825.301
Bossier,2,"3/19/2020, 11:00 AM",78,-10420083.2,3852857.003
East Baton Rouge,153,"3/28/2020, 11:00 AM",79,-10140715.81,3572952.045
East Carroll,1,"3/28/2020, 11:00 AM",80,-10156233.74,3859896.395
Caddo,7,"3/19/2020, 11:00 AM",81,-10450952.09,3839827.799
East Feliciana,6,"3/28/2020, 11:00 AM",82,-10135138.7,3612660.396
Calcasieu,,"3/19/2020, 11:00 AM",83,-10392565.02,3533072.576
Evangeline,4,"3/28/2020, 11:00 AM",84,-10286577.73,3597627.731
Caldwell,,"3/19/2020, 11:00 AM",85,-10254373.01,3775449.626
Franklin,4,"3/28/2020, 11:00 AM",86,-10205069.6,3780849.991
Cameron,,"3/19/2020, 11:00 AM",87,-10370134.14,3493112.752
Grant,1,"3/28/2020, 11:00 AM",88,-10303676.41,3710901.191
Catahoula,,"3/19/2020, 11:00 AM",89,-10230428.18,3715327.443
Iberia,9,"3/28/2020, 11:00 AM",90,-10213919.5,3499442.345
Claiborne,,"3/19/2020, 11:00 AM",91,-10352233.97,3871825.723
Iberville,21,"3/28/2020, 11:00 AM",92,-10170170.94,3531648.979
Concordia,,"3/19/2020, 11:00 AM",93,-10201318.14,3690859.394
Jackson,2,"3/28/2020, 11:00 AM",94,-10303487.16,3803043.454
De Soto,,"3/19/2020, 11:00 AM",95,-10434577,3770825.301
Jefferson,744,"3/28/2020, 11:00 AM",96,-10033014.2,3468945.983
East Baton Rouge,5,"3/19/2020, 11:00 AM",97,-10140715.81,3572952.045
Jefferson Davis,1,"3/28/2020, 11:00 AM",98,-10332018.35,3538039.026
East Carroll,,"3/19/2020, 11:00 AM",99,-10156233.74,3859896.395
La Salle,2,"3/28/2020, 11:00 AM",100,-10259259.93,3720999.218
East Feliciana,,"3/19/2020, 11:00 AM",101,-10135138.7,3612660.396
Evangeline,,"3/19/2020, 11:00 AM",102,-10286577.73,3597627.731
Franklin,,"3/19/2020, 11:00 AM",103,-10205069.6,3780849.991
Grant,,"3/19/2020, 11:00 AM",104,-10303676.41,3710901.191
Iberia,,"3/19/2020, 11:00 AM",105,-10213919.5,3499442.345
Iberville,,"3/19/2020, 11:00 AM",106,-10170170.94,3531648.979
Jackson,,"3/19/2020, 11:00 AM",107,-10303487.16,3803043.454
Jefferson,62,"3/19/2020, 11:00 AM",108,-10033014.2,3468945.983
Jefferson Davis,,"3/19/2020, 11:00 AM",109,-10332018.35,3538039.026
La Salle,,"3/19/2020, 11:00 AM",110,-10259259.93,3720999.218
Lafayette,2,"3/19/2020, 11:00 AM",111,-10248506.47,3530168.865
Lafourche,4,"3/19/2020, 11:00 AM",112,-10067322.87,3448429.516
Lincoln,,"3/19/2020, 11:00 AM",113,-10315398.35,3842561.46
Livingston,,"3/19/2020, 11:00 AM",114,-10101041.54,3561580.815
Madison,,"3/19/2020, 11:00 AM",115,-10157391.47,3811637.433
Morehouse,,"3/19/2020, 11:00 AM",116,-10219329.63,3871499.856
Natchitoches,,"3/19/2020, 11:00 AM",117,-10363432.71,3727167.025
Orleans,231,"3/19/2020, 11:00 AM",118,-10005685.26,3512320.62
Ouachita,,"3/19/2020, 11:00 AM",119,-10258625.41,3826287.704
Out of State,,"3/19/2020, 11:00 AM",120,0,0
Parish Under Investigation,3,"3/19/2020, 11:00 AM",121,0,0
Plaquemines,1,"3/19/2020, 11:00 AM",122,-10001555.31,3456784.848
Pointe Coupee,,"3/19/2020, 11:00 AM",123,-10193113.89,3581957.375
Rapides,,"3/19/2020, 11:00 AM",124,-10300748.71,3658620.138
Red River,,"3/19/2020, 11:00 AM",125,-10390550.14,3775561.315
Richland,,"3/19/2020, 11:00 AM",126,-10211648.59,3824147.526
Sabine,,"3/19/2020, 11:00 AM",127,-10411411.41,3707251.332
St. Bernard,4,"3/19/2020, 11:00 AM",128,-9993785.21,3485216.395
St. Charles,4,"3/19/2020, 11:00 AM",129,-10059096.35,3488646.539
St. Helena,,"3/19/2020, 11:00 AM",130,-10097824.41,3609672.115
St. James,1,"3/19/2020, 11:00 AM",131,-10107397.88,3506939.912
St. John the Baptist,2,"3/19/2020, 11:00 AM",132,-10079623.67,3513462.898
St. Landry,,"3/19/2020, 11:00 AM",133,-10242038.81,3580798.537
St. Martin,,"3/19/2020, 11:00 AM",134,-10210980.67,3532937.295
St. Mary,,"3/19/2020, 11:00 AM",135,-10180345.54,3468099.931
St. Tammany,10,"3/19/2020, 11:00 AM",136,-10011930.29,3561118.535
Tangipahoa,,"3/19/2020, 11:00 AM",137,-10064617.8,3586895.275
Tensas,,"3/19/2020, 11:00 AM",138,-10167922.29,3763563.972
Terrebonne,4,"3/19/2020, 11:00 AM",139,-10113097.44,3431495.998
Union,,"3/19/2020, 11:00 AM",140,-10283126.83,3873039.193
Vermilion,,"3/19/2020, 11:00 AM",141,-10277416.14,3483772.466
Vernon,,"3/19/2020, 11:00 AM",142,-10373206.56,3646859.666
Washington,2,"3/19/2020, 11:00 AM",143,-10023262.61,3613735.316
Webster,,"3/19/2020, 11:00 AM",144,-10390004.67,3857402.163
West Baton Rouge,1,"3/19/2020, 11:00 AM",145,-10164894.4,3563268.667
West Carroll,,"3/19/2020, 11:00 AM",146,-10180913.27,3867302.808
West Feliciana,,"3/19/2020, 11:00 AM",147,-10176004.08,3616641.565
Winn,,"3/19/2020, 11:00 AM",148,-10312270.27,3756026.281
Acadia,,"3/20/2020, 11:00 AM",149,-10287256.78,3540974.193
Allen,,"3/20/2020, 11:00 AM",150,-10333543.43,3587782.932
Ascension,2,"3/20/2020, 11:00 AM",151,-10120199.62,3529750.239
Assumption,1,"3/20/2020, 11:00 AM",152,-10137042.26,3490821.665
Lafayette,48,"3/28/2020, 11:00 AM",153,-10248506.47,3530168.865
Lafourche,34,"3/28/2020, 11:00 AM",154,-10067322.87,3448429.516
Lincoln,6,"3/28/2020, 11:00 AM",155,-10315398.35,3842561.46
Livingston,12,"3/28/2020, 11:00 AM",156,-10101041.54,3561580.815
Madison,1,"3/28/2020, 11:00 AM",157,-10157391.47,3811637.433
Morehouse,2,"3/28/2020, 11:00 AM",158,-10219329.63,3871499.856
Natchitoches,2,"3/28/2020, 11:00 AM",159,-10363432.71,3727167.025
Orleans,1298,"3/28/2020, 11:00 AM",160,-10005685.26,3512320.62
Ouachita,34,"3/28/2020, 11:00 AM",161,-10258625.41,3826287.704
Out of State,,"3/28/2020, 11:00 AM",162,0,0
Parish Under Investigation,9,"3/28/2020, 11:00 AM",163,0,0
Plaquemines,19,"3/28/2020, 11:00 AM",164,-10001555.31,3456784.848
Pointe Coupee,2,"3/28/2020, 11:00 AM",165,-10193113.89,3581957.375
Rapides,37,"3/28/2020, 11:00 AM",166,-10300748.71,3658620.138
Red River,,"3/28/2020, 11:00 AM",167,-10390550.14,3775561.315
Richland,2,"3/28/2020, 11:00 AM",168,-10211648.59,3824147.526
Sabine,,"3/28/2020, 11:00 AM",169,-10411411.41,3707251.332
St. Bernard,43,"3/28/2020, 11:00 AM",170,-9993785.21,3485216.395
St. Charles,30,"3/28/2020, 11:00 AM",171,-10059096.35,3488646.539
St. Helena,,"3/28/2020, 11:00 AM",172,-10097824.41,3609672.115
St. James,48,"3/28/2020, 11:00 AM",173,-10107397.88,3506939.912
St. John the Baptist,54,"3/28/2020, 11:00 AM",174,-10079623.67,3513462.898
St. Landry,10,"3/28/2020, 11:00 AM",175,-10242038.81,3580798.537
St. Martin,13,"3/28/2020, 11:00 AM",176,-10210980.67,3532937.295
St. Mary,7,"3/28/2020, 11:00 AM",177,-10180345.54,3468099.931
St. Tammany,134,"3/28/2020, 11:00 AM",178,-10011930.29,3561118.535
Tangipahoa,10,"3/28/2020, 11:00 AM",179,-10064617.8,3586895.275
Tensas,,"3/28/2020, 11:00 AM",180,-10167922.29,3763563.972
Terrebonne,26,"3/28/2020, 11:00 AM",181,-10113097.44,3431495.998
Union,7,"3/28/2020, 11:00 AM",182,-10283126.83,3873039.193
Vermilion,3,"3/28/2020, 11:00 AM",183,-10277416.14,3483772.466
Vernon,2,"3/28/2020, 11:00 AM",184,-10373206.56,3646859.666
Washington,10,"3/28/2020, 11:00 AM",185,-10023262.61,3613735.316
Webster,9,"3/28/2020, 11:00 AM",186,-10390004.67,3857402.163
West Baton Rouge,12,"3/28/2020, 11:00 AM",187,-10164894.4,3563268.667
West Carroll,,"3/28/2020, 11:00 AM",188,-10180913.27,3867302.808
West Feliciana,4,"3/28/2020, 11:00 AM",189,-10176004.08,3616641.565
Winn,1,"3/28/2020, 11:00 AM",190,-10312270.27,3756026.281
Acadia,9,"3/29/2020, 11:00 AM",191,-10287256.78,3540974.193
Allen,9,"3/29/2020, 11:00 AM",192,-10333543.43,3587782.932
Ascension,139,"3/29/2020, 11:00 AM",193,-10120199.62,3529750.239
Assumption,14,"3/29/2020, 11:00 AM",194,-10137042.26,3490821.665
Avoyelles,13,"3/29/2020, 11:00 AM",195,-10241549,3642689.415
Beauregard,4,"3/29/2020, 11:00 AM",196,-10390928.62,3587216.17
Bienville,3,"3/29/2020, 11:00 AM",197,-10358946.54,3809003.115
Bossier,56,"3/29/2020, 11:00 AM",198,-10420083.2,3852857.003
Caddo,219,"3/29/2020, 11:00 AM",199,-10450952.09,3839827.799
Calcasieu,35,"3/29/2020, 11:00 AM",200,-10392565.02,3533072.576
Bienville,1,"3/23/2020, 11:00 AM",201,-10358946.54,3809003.115
Bossier,12,"3/23/2020, 11:00 AM",202,-10420083.2,3852857.003
Caddo,34,"3/23/2020, 11:00 AM",203,-10450952.09,3839827.799
Calcasieu,4,"3/23/2020, 11:00 AM",204,-10392565.02,3533072.576
Caldwell,,"3/23/2020, 11:00 AM",205,-10254373.01,3775449.626
Cameron,,"3/23/2020, 11:00 AM",206,-10370134.14,3493112.752
Catahoula,1,"3/23/2020, 11:00 AM",207,-10230428.18,3715327.443
Claiborne,2,"3/23/2020, 11:00 AM",208,-10352233.97,3871825.723
Concordia,,"3/23/2020, 11:00 AM",209,-10201318.14,3690859.394
De Soto,5,"3/23/2020, 11:00 AM",210,-10434577,3770825.301
East Baton Rouge,43,"3/23/2020, 11:00 AM",211,-10140715.81,3572952.045
East Carroll,,"3/23/2020, 11:00 AM",212,-10156233.74,3859896.395
East Feliciana,,"3/23/2020, 11:00 AM",213,-10135138.7,3612660.396
Evangeline,2,"3/23/2020, 11:00 AM",214,-10286577.73,3597627.731
Franklin,,"3/23/2020, 11:00 AM",215,-10205069.6,3780849.991
Grant,1,"3/23/2020, 11:00 AM",216,-10303676.41,3710901.191
Iberia,3,"3/23/2020, 11:00 AM",217,-10213919.5,3499442.345
Iberville,10,"3/23/2020, 11:00 AM",218,-10170170.94,3531648.979
Jackson,,"3/23/2020, 11:00 AM",219,-10303487.16,3803043.454
Jefferson,252,"3/23/2020, 11:00 AM",220,-10033014.2,3468945.983
Jefferson Davis,,"3/23/2020, 11:00 AM",221,-10332018.35,3538039.026
La Salle,,"3/23/2020, 11:00 AM",222,-10259259.93,3720999.218
Lafayette,9,"3/23/2020, 11:00 AM",223,-10248506.47,3530168.865
Lafourche,15,"3/23/2020, 11:00 AM",224,-10067322.87,3448429.516
Lincoln,2,"3/23/2020, 11:00 AM",225,-10315398.35,3842561.46
Livingston,5,"3/23/2020, 11:00 AM",226,-10101041.54,3561580.815
Madison,,"3/23/2020, 11:00 AM",227,-10157391.47,3811637.433
Morehouse,,"3/23/2020, 11:00 AM",228,-10219329.63,3871499.856
Natchitoches,2,"3/23/2020, 11:00 AM",229,-10363432.71,3727167.025
Orleans,567,"3/23/2020, 11:00 AM",230,-10005685.26,3512320.62
Ouachita,9,"3/23/2020, 11:00 AM",231,-10258625.41,3826287.704
Out of State,,"3/23/2020, 11:00 AM",232,0,0
Parish Under Investigation,12,"3/23/2020, 11:00 AM",233,0,0
Plaquemines,8,"3/23/2020, 11:00 AM",234,-10001555.31,3456784.848
Pointe Coupee,,"3/23/2020, 11:00 AM",235,-10193113.89,3581957.375
Rapides,8,"3/23/2020, 11:00 AM",236,-10300748.71,3658620.138
Red River,,"3/23/2020, 11:00 AM",237,-10390550.14,3775561.315
Richland,2,"3/23/2020, 11:00 AM",238,-10211648.59,3824147.526
Sabine,,"3/23/2020, 11:00 AM",239,-10411411.41,3707251.332
St. Bernard,15,"3/23/2020, 11:00 AM",240,-9993785.21,3485216.395
St. Charles,15,"3/23/2020, 11:00 AM",241,-10059096.35,3488646.539
St. Helena,,"3/23/2020, 11:00 AM",242,-10097824.41,3609672.115
St. James,8,"3/23/2020, 11:00 AM",243,-10107397.88,3506939.912
St. John the Baptist,16,"3/23/2020, 11:00 AM",244,-10079623.67,3513462.898
St. Landry,3,"3/23/2020, 11:00 AM",245,-10242038.81,3580798.537
St. Martin,,"3/23/2020, 11:00 AM",246,-10210980.67,3532937.295
St. Mary,1,"3/23/2020, 11:00 AM",247,-10180345.54,3468099.931
St. Tammany,47,"3/23/2020, 11:00 AM",248,-10011930.29,3561118.535
Tangipahoa,3,"3/23/2020, 11:00 AM",249,-10064617.8,3586895.275
Tensas,,"3/23/2020, 11:00 AM",250,-10167922.29,3763563.972
Terrebonne,14,"3/23/2020, 11:00 AM",251,-10113097.44,3431495.998
Union,,"3/23/2020, 11:00 AM",252,-10283126.83,3873039.193
Vermilion,,"3/23/2020, 11:00 AM",253,-10277416.14,3483772.466
Vernon,,"3/23/2020, 11:00 AM",254,-10373206.56,3646859.666
Washington,2,"3/23/2020, 11:00 AM",255,-10023262.61,3613735.316
Webster,3,"3/23/2020, 11:00 AM",256,-10390004.67,3857402.163
West Baton Rouge,4,"3/23/2020, 11:00 AM",257,-10164894.4,3563268.667
West Carroll,,"3/23/2020, 11:00 AM",258,-10180913.27,3867302.808
West Feliciana,,"3/23/2020, 11:00 AM",259,-10176004.08,3616641.565
Winn,,"3/23/2020, 11:00 AM",260,-10312270.27,3756026.281
Acadia,2,"3/24/2020, 11:00 AM",261,-10287256.78,3540974.193
Allen,2,"3/24/2020, 11:00 AM",262,-10333543.43,3587782.932
Ascension,36,"3/24/2020, 11:00 AM",263,-10120199.62,3529750.239
Assumption,2,"3/24/2020, 11:00 AM",264,-10137042.26,3490821.665
Avoyelles,3,"3/24/2020, 11:00 AM",265,-10241549,3642689.415
Beauregard,2,"3/24/2020, 11:00 AM",266,-10390928.62,3587216.17
Bienville,1,"3/24/2020, 11:00 AM",267,-10358946.54,3809003.115
Bossier,12,"3/24/2020, 11:00 AM",268,-10420083.2,3852857.003
Caddo,40,"3/24/2020, 11:00 AM",269,-10450952.09,3839827.799
Calcasieu,5,"3/24/2020, 11:00 AM",270,-10392565.02,3533072.576
Caldwell,,"3/24/2020, 11:00 AM",271,-10254373.01,3775449.626
Cameron,,"3/24/2020, 11:00 AM",272,-10370134.14,3493112.752
Catahoula,1,"3/24/2020, 11:00 AM",273,-10230428.18,3715327.443
Claiborne,2,"3/24/2020, 11:00 AM",274,-10352233.97,3871825.723
Concordia,,"3/24/2020, 11:00 AM",275,-10201318.14,3690859.394
De Soto,6,"3/24/2020, 11:00 AM",276,-10434577,3770825.301
East Baton Rouge,58,"3/24/2020, 11:00 AM",277,-10140715.81,3572952.045
East Carroll,,"3/24/2020, 11:00 AM",278,-10156233.74,3859896.395
East Feliciana,,"3/24/2020, 11:00 AM",279,-10135138.7,3612660.396
Evangeline,2,"3/24/2020, 11:00 AM",280,-10286577.73,3597627.731
Franklin,,"3/24/2020, 11:00 AM",281,-10205069.6,3780849.991
Grant,1,"3/24/2020, 11:00 AM",282,-10303676.41,3710901.191
Iberia,2,"3/24/2020, 11:00 AM",283,-10213919.5,3499442.345
Iberville,14,"3/24/2020, 11:00 AM",284,-10170170.94,3531648.979
Jackson,,"3/24/2020, 11:00 AM",285,-10303487.16,3803043.454
Jefferson,293,"3/24/2020, 11:00 AM",286,-10033014.2,3468945.983
Jefferson Davis,,"3/24/2020, 11:00 AM",287,-10332018.35,3538039.026
La Salle,,"3/24/2020, 11:00 AM",288,-10259259.93,3720999.218
Lafayette,12,"3/24/2020, 11:00 AM",289,-10248506.47,3530168.865
Lafourche,16,"3/24/2020, 11:00 AM",290,-10067322.87,3448429.516
Lincoln,2,"3/24/2020, 11:00 AM",291,-10315398.35,3842561.46
Livingston,6,"3/24/2020, 11:00 AM",292,-10101041.54,3561580.815
Madison,,"3/24/2020, 11:00 AM",293,-10157391.47,3811637.433
Morehouse,,"3/24/2020, 11:00 AM",294,-10219329.63,3871499.856
Natchitoches,2,"3/24/2020, 11:00 AM",295,-10363432.71,3727167.025
Orleans,675,"3/24/2020, 11:00 AM",296,-10005685.26,3512320.62
Ouachita,7,"3/24/2020, 11:00 AM",297,-10258625.41,3826287.704
Out of State,,"3/24/2020, 11:00 AM",298,0,0
Parish Under Investigation,12,"3/24/2020, 11:00 AM",299,0,0
Plaquemines,8,"3/24/2020, 11:00 AM",300,-10001555.31,3456784.848
Parish Under Investigation,8,"3/21/2020, 11:00 AM",301,0,0
Plaquemines,1,"3/21/2020, 11:00 AM",302,-10001555.31,3456784.848
Pointe Coupee,,"3/21/2020, 11:00 AM",303,-10193113.89,3581957.375
Rapides,3,"3/21/2020, 11:00 AM",304,-10300748.71,3658620.138
Red River,,"3/21/2020, 11:00 AM",305,-10390550.14,3775561.315
Richland,,"3/21/2020, 11:00 AM",306,-10211648.59,3824147.526
Sabine,,"3/21/2020, 11:00 AM",307,-10411411.41,3707251.332
St. Bernard,6,"3/21/2020, 11:00 AM",308,-9993785.21,3485216.395
St. Charles,7,"3/21/2020, 11:00 AM",309,-10059096.35,3488646.539
St. Helena,,"3/21/2020, 11:00 AM",310,-10097824.41,3609672.115
St. James,1,"3/21/2020, 11:00 AM",311,-10107397.88,3506939.912
St. John the Baptist,7,"3/21/2020, 11:00 AM",312,-10079623.67,3513462.898
St. Landry,2,"3/21/2020, 11:00 AM",313,-10242038.81,3580798.537
St. Martin,,"3/21/2020, 11:00 AM",314,-10210980.67,3532937.295
St. Mary,,"3/21/2020, 11:00 AM",315,-10180345.54,3468099.931
St. Tammany,14,"3/21/2020, 11:00 AM",316,-10011930.29,3561118.535
Tangipahoa,,"3/21/2020, 11:00 AM",317,-10064617.8,3586895.275
Tensas,,"3/21/2020, 11:00 AM",318,-10167922.29,3763563.972
Terrebonne,8,"3/21/2020, 11:00 AM",319,-10113097.44,3431495.998
Union,,"3/21/2020, 11:00 AM",320,-10283126.83,3873039.193
Vermilion,,"3/21/2020, 11:00 AM",321,-10277416.14,3483772.466
Vernon,,"3/21/2020, 11:00 AM",322,-10373206.56,3646859.666
Washington,2,"3/21/2020, 11:00 AM",323,-10023262.61,3613735.316
Webster,,"3/21/2020, 11:00 AM",324,-10390004.67,3857402.163
West Baton Rouge,3,"3/21/2020, 11:00 AM",325,-10164894.4,3563268.667
West Carroll,,"3/21/2020, 11:00 AM",326,-10180913.27,3867302.808
West Feliciana,,"3/21/2020, 11:00 AM",327,-10176004.08,3616641.565
Winn,,"3/21/2020, 11:00 AM",328,-10312270.27,3756026.281
Acadia,1,"3/22/2020, 11:00 AM",329,-10287256.78,3540974.193
Allen,,"3/22/2020, 11:00 AM",330,-10333543.43,3587782.932
Ascension,17,"3/22/2020, 11:00 AM",331,-10120199.62,3529750.239
Assumption,1,"3/22/2020, 11:00 AM",332,-10137042.26,3490821.665
Avoyelles,1,"3/22/2020, 11:00 AM",333,-10241549,3642689.415
Beauregard,1,"3/22/2020, 11:00 AM",334,-10390928.62,3587216.17
Bienville,1,"3/22/2020, 11:00 AM",335,-10358946.54,3809003.115
Bossier,5,"3/22/2020, 11:00 AM",336,-10420083.2,3852857.003
Caddo,16,"3/22/2020, 11:00 AM",337,-10450952.09,3839827.799
Calcasieu,4,"3/22/2020, 11:00 AM",338,-10392565.02,3533072.576
Caldwell,,"3/22/2020, 11:00 AM",339,-10254373.01,3775449.626
Cameron,,"3/22/2020, 11:00 AM",340,-10370134.14,3493112.752
Catahoula,1,"3/22/2020, 11:00 AM",341,-10230428.18,3715327.443
Claiborne,1,"3/22/2020, 11:00 AM",342,-10352233.97,3871825.723
Concordia,,"3/22/2020, 11:00 AM",343,-10201318.14,3690859.394
De Soto,2,"3/22/2020, 11:00 AM",344,-10434577,3770825.301
East Baton Rouge,20,"3/22/2020, 11:00 AM",345,-10140715.81,3572952.045
East Carroll,,"3/22/2020, 11:00 AM",346,-10156233.74,3859896.395
East Feliciana,,"3/22/2020, 11:00 AM",347,-10135138.7,3612660.396
Evangeline,2,"3/22/2020, 11:00 AM",348,-10286577.73,3597627.731
Franklin,,"3/22/2020, 11:00 AM",349,-10205069.6,3780849.991
Grant,,"3/22/2020, 11:00 AM",350,-10303676.41,3710901.191
Iberia,2,"3/22/2020, 11:00 AM",351,-10213919.5,3499442.345
Iberville,2,"3/22/2020, 11:00 AM",352,-10170170.94,3531648.979
Jackson,,"3/22/2020, 11:00 AM",353,-10303487.16,3803043.454
Jefferson,184,"3/22/2020, 11:00 AM",354,-10033014.2,3468945.983
Jefferson Davis,,"3/22/2020, 11:00 AM",355,-10332018.35,3538039.026
La Salle,,"3/22/2020, 11:00 AM",356,-10259259.93,3720999.218
Lafayette,6,"3/22/2020, 11:00 AM",357,-10248506.47,3530168.865
Lafourche,12,"3/22/2020, 11:00 AM",358,-10067322.87,3448429.516
Lincoln,,"3/22/2020, 11:00 AM",359,-10315398.35,3842561.46
Livingston,2,"3/22/2020, 11:00 AM",360,-10101041.54,3561580.815
Madison,,"3/22/2020, 11:00 AM",361,-10157391.47,3811637.433
Morehouse,,"3/22/2020, 11:00 AM",362,-10219329.63,3871499.856
Natchitoches,,"3/22/2020, 11:00 AM",363,-10363432.71,3727167.025
Orleans,451,"3/22/2020, 11:00 AM",364,-10005685.26,3512320.62
Ouachita,4,"3/22/2020, 11:00 AM",365,-10258625.41,3826287.704
Out of State,,"3/22/2020, 11:00 AM",366,0,0
Parish Under Investigation,11,"3/22/2020, 11:00 AM",367,0,0
Plaquemines,5,"3/22/2020, 11:00 AM",368,-10001555.31,3456784.848
Pointe Coupee,,"3/22/2020, 11:00 AM",369,-10193113.89,3581957.375
Rapides,3,"3/22/2020, 11:00 AM",370,-10300748.71,3658620.138
Red River,,"3/22/2020, 11:00 AM",371,-10390550.14,3775561.315
Richland,,"3/22/2020, 11:00 AM",372,-10211648.59,3824147.526
Sabine,,"3/22/2020, 11:00 AM",373,-10411411.41,3707251.332
St. Bernard,13,"3/22/2020, 11:00 AM",374,-9993785.21,3485216.395
St. Charles,8,"3/22/2020, 11:00 AM",375,-10059096.35,3488646.539
St. Helena,,"3/22/2020, 11:00 AM",376,-10097824.41,3609672.115
St. James,1,"3/22/2020, 11:00 AM",377,-10107397.88,3506939.912
St. John the Baptist,10,"3/22/2020, 11:00 AM",378,-10079623.67,3513462.898
St. Landry,3,"3/22/2020, 11:00 AM",379,-10242038.81,3580798.537
St. Martin,,"3/22/2020, 11:00 AM",380,-10210980.67,3532937.295
St. Mary,1,"3/22/2020, 11:00 AM",381,-10180345.54,3468099.931
St. Tammany,25,"3/22/2020, 11:00 AM",382,-10011930.29,3561118.535
Tangipahoa,3,"3/22/2020, 11:00 AM",383,-10064617.8,3586895.275
Tensas,,"3/22/2020, 11:00 AM",384,-10167922.29,3763563.972
Terrebonne,12,"3/22/2020, 11:00 AM",385,-10113097.44,3431495.998
Union,,"3/22/2020, 11:00 AM",386,-10283126.83,3873039.193
Vermilion,,"3/22/2020, 11:00 AM",387,-10277416.14,3483772.466
Vernon,,"3/22/2020, 11:00 AM",388,-10373206.56,3646859.666
Washington,2,"3/22/2020, 11:00 AM",389,-10023262.61,3613735.316
Webster,1,"3/22/2020, 11:00 AM",390,-10390004.67,3857402.163
West Baton Rouge,3,"3/22/2020, 11:00 AM",391,-10164894.4,3563268.667
West Carroll,,"3/22/2020, 11:00 AM",392,-10180913.27,3867302.808
West Feliciana,,"3/22/2020, 11:00 AM",393,-10176004.08,3616641.565
Winn,,"3/22/2020, 11:00 AM",394,-10312270.27,3756026.281
Acadia,1,"3/23/2020, 11:00 AM",395,-10287256.78,3540974.193
Allen,2,"3/23/2020, 11:00 AM",396,-10333543.43,3587782.932
Ascension,26,"3/23/2020, 11:00 AM",397,-10120199.62,3529750.239
Assumption,1,"3/23/2020, 11:00 AM",398,-10137042.26,3490821.665
Avoyelles,1,"3/23/2020, 11:00 AM",399,-10241549,3642689.415
Beauregard,1,"3/23/2020, 11:00 AM",400,-10390928.62,3587216.17
Acadia,,"3/14/2020, 11:00 AM",401,-10287256.78,3540974.193
Allen,,"3/14/2020, 11:00 AM",402,-10333543.43,3587782.932
Ascension,,"3/14/2020, 11:00 AM",403,-10120199.62,3529750.239
Assumption,,"3/14/2020, 11:00 AM",404,-10137042.26,3490821.665
Avoyelles,,"3/14/2020, 11:00 AM",405,-10241549,3642689.415
Beauregard,,"3/14/2020, 11:00 AM",406,-10390928.62,3587216.17
Bienville,,"3/14/2020, 11:00 AM",407,-10358946.54,3809003.115
Bossier,1,"3/14/2020, 11:00 AM",408,-10420083.2,3852857.003
Caddo,1,"3/14/2020, 11:00 AM",409,-10450952.09,3839827.799
Calcasieu,,"3/14/2020, 11:00 AM",410,-10392565.02,3533072.576
Caldwell,,"3/14/2020, 11:00 AM",411,-10254373.01,3775449.626
Cameron,,"3/14/2020, 11:00 AM",412,-10370134.14,3493112.752
Catahoula,,"3/14/2020, 11:00 AM",413,-10230428.18,3715327.443
Claiborne,,"3/14/2020, 11:00 AM",414,-10352233.97,3871825.723
Concordia,,"3/14/2020, 11:00 AM",415,-10201318.14,3690859.394
De Soto,,"3/14/2020, 11:00 AM",416,-10434577,3770825.301
East Baton Rouge,,"3/14/2020, 11:00 AM",417,-10140715.81,3572952.045
East Carroll,,"3/14/2020, 11:00 AM",418,-10156233.74,3859896.395
East Feliciana,,"3/14/2020, 11:00 AM",419,-10135138.7,3612660.396
Evangeline,,"3/14/2020, 11:00 AM",420,-10286577.73,3597627.731
Franklin,,"3/14/2020, 11:00 AM",421,-10205069.6,3780849.991
Grant,,"3/14/2020, 11:00 AM",422,-10303676.41,3710901.191
Iberia,,"3/14/2020, 11:00 AM",423,-10213919.5,3499442.345
Iberville,,"3/14/2020, 11:00 AM",424,-10170170.94,3531648.979
Jackson,,"3/14/2020, 11:00 AM",425,-10303487.16,3803043.454
Natchitoches,,"3/15/2020, 11:00 AM",426,-10363432.71,3727167.025
Jefferson,7,"3/14/2020, 11:00 AM",427,-10033014.2,3468945.983
Jefferson Davis,,"3/14/2020, 11:00 AM",428,-10332018.35,3538039.026
La Salle,,"3/14/2020, 11:00 AM",429,-10259259.93,3720999.218
Lafayette,,"3/14/2020, 11:00 AM",430,-10248506.47,3530168.865
Lafourche,,"3/14/2020, 11:00 AM",431,-10067322.87,3448429.516
Lincoln,,"3/14/2020, 11:00 AM",432,-10315398.35,3842561.46
Livingston,,"3/14/2020, 11:00 AM",433,-10101041.54,3561580.815
Madison,,"3/14/2020, 11:00 AM",434,-10157391.47,3811637.433
Morehouse,,"3/14/2020, 11:00 AM",435,-10219329.63,3871499.856
Natchitoches,,"3/14/2020, 11:00 AM",436,-10363432.71,3727167.025
Orleans,36,"3/14/2020, 11:00 AM",437,-10005685.26,3512320.62
Ouachita,,"3/14/2020, 11:00 AM",438,-10258625.41,3826287.704
Out of State,,"3/14/2020, 11:00 AM",439,0,0
Parish Under Investigation,,"3/14/2020, 11:00 AM",440,0,0
Plaquemines,,"3/14/2020, 11:00 AM",441,-10001555.31,3456784.848
Pointe Coupee,,"3/14/2020, 11:00 AM",442,-10193113.89,3581957.375
Rapides,,"3/14/2020, 11:00 AM",443,-10300748.71,3658620.138
Red River,,"3/14/2020, 11:00 AM",444,-10390550.14,3775561.315
Richland,,"3/14/2020, 11:00 AM",445,-10211648.59,3824147.526
Sabine,,"3/14/2020, 11:00 AM",446,-10411411.41,3707251.332
St. Bernard,,"3/14/2020, 11:00 AM",447,-9993785.21,3485216.395
St. Charles,1,"3/14/2020, 11:00 AM",448,-10059096.35,3488646.539
St. Helena,,"3/14/2020, 11:00 AM",449,-10097824.41,3609672.115
St. James,,"3/14/2020, 11:00 AM",450,-10107397.88,3506939.912
St. John the Baptist,1,"3/14/2020, 11:00 AM",451,-10079623.67,3513462.898
St. Landry,,"3/14/2020, 11:00 AM",452,-10242038.81,3580798.537
St. Martin,,"3/14/2020, 11:00 AM",453,-10210980.67,3532937.295
St. Mary,,"3/14/2020, 11:00 AM",454,-10180345.54,3468099.931
St. Tammany,2,"3/14/2020, 11:00 AM",455,-10011930.29,3561118.535
Tangipahoa,,"3/14/2020, 11:00 AM",456,-10064617.8,3586895.275
Tensas,,"3/14/2020, 11:00 AM",457,-10167922.29,3763563.972
Terrebonne,2,"3/14/2020, 11:00 AM",458,-10113097.44,3431495.998
Union,,"3/14/2020, 11:00 AM",459,-10283126.83,3873039.193
Vermilion,,"3/14/2020, 11:00 AM",460,-10277416.14,3483772.466
Vernon,,"3/14/2020, 11:00 AM",461,-10373206.56,3646859.666
Washington,,"3/14/2020, 11:00 AM",462,-10023262.61,3613735.316
Webster,,"3/14/2020, 11:00 AM",463,-10390004.67,3857402.163
West Baton Rouge,,"3/14/2020, 11:00 AM",464,-10164894.4,3563268.667
West Carroll,,"3/14/2020, 11:00 AM",465,-10180913.27,3867302.808
West Feliciana,,"3/14/2020, 11:00 AM",466,-10176004.08,3616641.565
Winn,,"3/14/2020, 11:00 AM",467,-10312270.27,3756026.281
Acadia,,"3/15/2020, 11:00 AM",468,-10287256.78,3540974.193
Allen,,"3/15/2020, 11:00 AM",469,-10333543.43,3587782.932
Ascension,,"3/15/2020, 11:00 AM",470,-10120199.62,3529750.239
Assumption,,"3/15/2020, 11:00 AM",471,-10137042.26,3490821.665
Avoyelles,,"3/15/2020, 11:00 AM",472,-10241549,3642689.415
Beauregard,,"3/15/2020, 11:00 AM",473,-10390928.62,3587216.17
Bienville,,"3/15/2020, 11:00 AM",474,-10358946.54,3809003.115
Bossier,1,"3/15/2020, 11:00 AM",475,-10420083.2,3852857.003
Caddo,1,"3/15/2020, 11:00 AM",476,-10450952.09,3839827.799
Calcasieu,,"3/15/2020, 11:00 AM",477,-10392565.02,3533072.576
Caldwell,,"3/15/2020, 11:00 AM",478,-10254373.01,3775449.626
Cameron,,"3/15/2020, 11:00 AM",479,-10370134.14,3493112.752
Catahoula,,"3/15/2020, 11:00 AM",480,-10230428.18,3715327.443
Claiborne,,"3/15/2020, 11:00 AM",481,-10352233.97,3871825.723
Concordia,,"3/15/2020, 11:00 AM",482,-10201318.14,3690859.394
De Soto,,"3/15/2020, 11:00 AM",483,-10434577,3770825.301
East Baton Rouge,,"3/15/2020, 11:00 AM",484,-10140715.81,3572952.045
East Carroll,,"3/15/2020, 11:00 AM",485,-10156233.74,3859896.395
East Feliciana,,"3/15/2020, 11:00 AM",486,-10135138.7,3612660.396
Evangeline,,"3/15/2020, 11:00 AM",487,-10286577.73,3597627.731
Franklin,,"3/15/2020, 11:00 AM",488,-10205069.6,3780849.991
Grant,,"3/15/2020, 11:00 AM",489,-10303676.41,3710901.191
Iberia,,"3/15/2020, 11:00 AM",490,-10213919.5,3499442.345
Iberville,,"3/15/2020, 11:00 AM",491,-10170170.94,3531648.979
Jackson,,"3/15/2020, 11:00 AM",492,-10303487.16,3803043.454
Jefferson,12,"3/15/2020, 11:00 AM",493,-10033014.2,3468945.983
Jefferson Davis,,"3/15/2020, 11:00 AM",494,-10332018.35,3538039.026
La Salle,,"3/15/2020, 11:00 AM",495,-10259259.93,3720999.218
Lafayette,,"3/15/2020, 11:00 AM",496,-10248506.47,3530168.865
Lafourche,1,"3/15/2020, 11:00 AM",497,-10067322.87,3448429.516
Lincoln,,"3/15/2020, 11:00 AM",498,-10315398.35,3842561.46
Livingston,,"3/15/2020, 11:00 AM",499,-10101041.54,3561580.815
Madison,,"3/15/2020, 11:00 AM",500,-10157391.47,3811637.433
Morehouse,,"3/15/2020, 11:00 AM",501,-10219329.63,3871499.856
Caddo,115,"3/26/2020, 11:00 AM",502,-10450952.09,3839827.799
Calcasieu,15,"3/26/2020, 11:00 AM",503,-10392565.02,3533072.576
Caldwell,,"3/26/2020, 11:00 AM",504,-10254373.01,3775449.626
Cameron,,"3/26/2020, 11:00 AM",505,-10370134.14,3493112.752
Catahoula,1,"3/26/2020, 11:00 AM",506,-10230428.18,3715327.443
Claiborne,2,"3/26/2020, 11:00 AM",507,-10352233.97,3871825.723
Concordia,,"3/26/2020, 11:00 AM",508,-10201318.14,3690859.394
De Soto,11,"3/26/2020, 11:00 AM",509,-10434577,3770825.301
East Baton Rouge,105,"3/26/2020, 11:00 AM",510,-10140715.81,3572952.045
East Carroll,,"3/26/2020, 11:00 AM",511,-10156233.74,3859896.395
East Feliciana,4,"3/26/2020, 11:00 AM",512,-10135138.7,3612660.396
Evangeline,2,"3/26/2020, 11:00 AM",513,-10286577.73,3597627.731
Franklin,,"3/26/2020, 11:00 AM",514,-10205069.6,3780849.991
Grant,1,"3/26/2020, 11:00 AM",515,-10303676.41,3710901.191
Iberia,3,"3/26/2020, 11:00 AM",516,-10213919.5,3499442.345
Iberville,17,"3/26/2020, 11:00 AM",517,-10170170.94,3531648.979
Jackson,1,"3/26/2020, 11:00 AM",518,-10303487.16,3803043.454
Jefferson,458,"3/26/2020, 11:00 AM",519,-10033014.2,3468945.983
Jefferson Davis,1,"3/26/2020, 11:00 AM",520,-10332018.35,3538039.026
La Salle,1,"3/26/2020, 11:00 AM",521,-10259259.93,3720999.218
Lafayette,28,"3/26/2020, 11:00 AM",522,-10248506.47,3530168.865
Lafourche,28,"3/26/2020, 11:00 AM",523,-10067322.87,3448429.516
Lincoln,3,"3/26/2020, 11:00 AM",524,-10315398.35,3842561.46
Livingston,11,"3/26/2020, 11:00 AM",525,-10101041.54,3561580.815
Madison,1,"3/26/2020, 11:00 AM",526,-10157391.47,3811637.433
Morehouse,3,"3/26/2020, 11:00 AM",527,-10219329.63,3871499.856
Natchitoches,2,"3/26/2020, 11:00 AM",528,-10363432.71,3727167.025
Orleans,997,"3/26/2020, 11:00 AM",529,-10005685.26,3512320.62
Ouachita,19,"3/26/2020, 11:00 AM",530,-10258625.41,3826287.704
Out of State,0,"3/26/2020, 11:00 AM",531,0,0
Parish Under Investigation,13,"3/26/2020, 11:00 AM",532,0,0
Plaquemines,13,"3/26/2020, 11:00 AM",533,-10001555.31,3456784.848
Pointe Coupee,1,"3/26/2020, 11:00 AM",534,-10193113.89,3581957.375
Rapides,25,"3/26/2020, 11:00 AM",535,-10300748.71,3658620.138
Red River,,"3/26/2020, 11:00 AM",536,-10390550.14,3775561.315
Richland,1,"3/26/2020, 11:00 AM",537,-10211648.59,3824147.526
Sabine,,"3/26/2020, 11:00 AM",538,-10411411.41,3707251.332
St. Bernard,28,"3/26/2020, 11:00 AM",539,-9993785.21,3485216.395
St. Charles,22,"3/26/2020, 11:00 AM",540,-10059096.35,3488646.539
St. Helena,,"3/26/2020, 11:00 AM",541,-10097824.41,3609672.115
St. James,29,"3/26/2020, 11:00 AM",542,-10107397.88,3506939.912
St. John the Baptist,38,"3/26/2020, 11:00 AM",543,-10079623.67,3513462.898
St. Landry,5,"3/26/2020, 11:00 AM",544,-10242038.81,3580798.537
St. Martin,3,"3/26/2020, 11:00 AM",545,-10210980.67,3532937.295
St. Mary,5,"3/26/2020, 11:00 AM",546,-10180345.54,3468099.931
St. Tammany,89,"3/26/2020, 11:00 AM",547,-10011930.29,3561118.535
Tangipahoa,7,"3/26/2020, 11:00 AM",548,-10064617.8,3586895.275
Tensas,,"3/26/2020, 11:00 AM",549,-10167922.29,3763563.972
Terrebonne,21,"3/26/2020, 11:00 AM",550,-10113097.44,3431495.998
Union,2,"3/26/2020, 11:00 AM",551,-10283126.83,3873039.193
Vermilion,1,"3/26/2020, 11:00 AM",552,-10277416.14,3483772.466
Vernon,2,"3/26/2020, 11:00 AM",553,-10373206.56,3646859.666
Washington,6,"3/26/2020, 11:00 AM",554,-10023262.61,3613735.316
Webster,8,"3/26/2020, 11:00 AM",555,-10390004.67,3857402.163
West Baton Rouge,8,"3/26/2020, 11:00 AM",556,-10164894.4,3563268.667
West Carroll,,"3/26/2020, 11:00 AM",557,-10180913.27,3867302.808
West Feliciana,,"3/26/2020, 11:00 AM",558,-10176004.08,3616641.565
Winn,1,"3/26/2020, 11:00 AM",559,-10312270.27,3756026.281
Acadia,8,"3/27/2020, 11:00 AM",560,-10287256.78,3540974.193
Allen,5,"3/27/2020, 11:00 AM",561,-10333543.43,3587782.932
Ascension,90,"3/27/2020, 11:00 AM",562,-10120199.62,3529750.239
Assumption,8,"3/27/2020, 11:00 AM",563,-10137042.26,3490821.665
Avoyelles,10,"3/27/2020, 11:00 AM",564,-10241549,3642689.415
Beauregard,4,"3/27/2020, 11:00 AM",565,-10390928.62,3587216.17
Bienville,1,"3/27/2020, 11:00 AM",566,-10358946.54,3809003.115
Bossier,37,"3/27/2020, 11:00 AM",567,-10420083.2,3852857.003
Caddo,140,"3/27/2020, 11:00 AM",568,-10450952.09,3839827.799
Calcasieu,22,"3/27/2020, 11:00 AM",569,-10392565.02,3533072.576
Caldwell,,"3/27/2020, 11:00 AM",570,-10254373.01,3775449.626
Cameron,,"3/27/2020, 11:00 AM",571,-10370134.14,3493112.752
Catahoula,1,"3/27/2020, 11:00 AM",572,-10230428.18,3715327.443
Claiborne,3,"3/27/2020, 11:00 AM",573,-10352233.97,3871825.723
Concordia,,"3/27/2020, 11:00 AM",574,-10201318.14,3690859.394
De Soto,13,"3/27/2020, 11:00 AM",575,-10434577,3770825.301
East Baton Rouge,124,"3/27/2020, 11:00 AM",576,-10140715.81,3572952.045
East Carroll,,"3/27/2020, 11:00 AM",577,-10156233.74,3859896.395
East Feliciana,5,"3/27/2020, 11:00 AM",578,-10135138.7,3612660.396
Evangeline,4,"3/27/2020, 11:00 AM",579,-10286577.73,3597627.731
Franklin,,"3/27/2020, 11:00 AM",580,-10205069.6,3780849.991
Grant,1,"3/27/2020, 11:00 AM",581,-10303676.41,3710901.191
Iberia,4,"3/27/2020, 11:00 AM",582,-10213919.5,3499442.345
Iberville,20,"3/27/2020, 11:00 AM",583,-10170170.94,3531648.979
Jackson,3,"3/27/2020, 11:00 AM",584,-10303487.16,3803043.454
Jefferson,548,"3/27/2020, 11:00 AM",585,-10033014.2,3468945.983
Jefferson Davis,1,"3/27/2020, 11:00 AM",586,-10332018.35,3538039.026
La Salle,1,"3/27/2020, 11:00 AM",587,-10259259.93,3720999.218
Lafayette,44,"3/27/2020, 11:00 AM",588,-10248506.47,3530168.865
Lafourche,30,"3/27/2020, 11:00 AM",589,-10067322.87,3448429.516
Lincoln,7,"3/27/2020, 11:00 AM",590,-10315398.35,3842561.46
Livingston,11,"3/27/2020, 11:00 AM",591,-10101041.54,3561580.815
Madison,1,"3/27/2020, 11:00 AM",592,-10157391.47,3811637.433
Morehouse,2,"3/27/2020, 11:00 AM",593,-10219329.63,3871499.856
Natchitoches,2,"3/27/2020, 11:00 AM",594,-10363432.71,3727167.025
Orleans,1170,"3/27/2020, 11:00 AM",595,-10005685.26,3512320.62
Ouachita,25,"3/27/2020, 11:00 AM",596,-10258625.41,3826287.704
Out of State,,"3/27/2020, 11:00 AM",597,0,0
Parish Under Investigation,16,"3/27/2020, 11:00 AM",598,0,0
Plaquemines,16,"3/27/2020, 11:00 AM",599,-10001555.31,3456784.848
Pointe Coupee,1,"3/27/2020, 11:00 AM",600,-10193113.89,3581957.375
Rapides,26,"3/27/2020, 11:00 AM",601,-10300748.71,3658620.138
Avoyelles,,"3/20/2020, 11:00 AM",602,-10241549,3642689.415
Orleans,65,"3/15/2020, 11:00 AM",603,-10005685.26,3512320.62
Ouachita,,"3/15/2020, 11:00 AM",604,-10258625.41,3826287.704
Out of State,,"3/15/2020, 11:00 AM",605,0,0
Parish Under Investigation,,"3/15/2020, 11:00 AM",606,0,0
Plaquemines,,"3/15/2020, 11:00 AM",607,-10001555.31,3456784.848
Pointe Coupee,,"3/15/2020, 11:00 AM",608,-10193113.89,3581957.375
Rapides,,"3/15/2020, 11:00 AM",609,-10300748.71,3658620.138
Red River,,"3/15/2020, 11:00 AM",610,-10390550.14,3775561.315
Richland,,"3/15/2020, 11:00 AM",611,-10211648.59,3824147.526
Sabine,,"3/15/2020, 11:00 AM",612,-10411411.41,3707251.332
St. Bernard,1,"3/15/2020, 11:00 AM",613,-9993785.21,3485216.395
St. Charles,2,"3/15/2020, 11:00 AM",614,-10059096.35,3488646.539
St. Helena,,"3/15/2020, 11:00 AM",615,-10097824.41,3609672.115
Beauregard,,"3/20/2020, 11:00 AM",616,-10390928.62,3587216.17
St. James,,"3/15/2020, 11:00 AM",617,-10107397.88,3506939.912
Bienville,,"3/20/2020, 11:00 AM",618,-10358946.54,3809003.115
St. John the Baptist,1,"3/15/2020, 11:00 AM",619,-10079623.67,3513462.898
Bossier,4,"3/20/2020, 11:00 AM",620,-10420083.2,3852857.003
St. Landry,,"3/15/2020, 11:00 AM",621,-10242038.81,3580798.537
Caddo,13,"3/20/2020, 11:00 AM",622,-10450952.09,3839827.799
St. Martin,,"3/15/2020, 11:00 AM",623,-10210980.67,3532937.295
St. Mary,,"3/15/2020, 11:00 AM",624,-10180345.54,3468099.931
St. Tammany,4,"3/15/2020, 11:00 AM",625,-10011930.29,3561118.535
Tangipahoa,,"3/15/2020, 11:00 AM",626,-10064617.8,3586895.275
Tensas,,"3/15/2020, 11:00 AM",627,-10167922.29,3763563.972
Terrebonne,2,"3/15/2020, 11:00 AM",628,-10113097.44,3431495.998
Union,,"3/15/2020, 11:00 AM",629,-10283126.83,3873039.193
Vermilion,,"3/15/2020, 11:00 AM",630,-10277416.14,3483772.466
Vernon,,"3/15/2020, 11:00 AM",631,-10373206.56,3646859.666
Washington,,"3/15/2020, 11:00 AM",632,-10023262.61,3613735.316
Webster,,"3/15/2020, 11:00 AM",633,-10390004.67,3857402.163
West Baton Rouge,,"3/15/2020, 11:00 AM",634,-10164894.4,3563268.667
West Carroll,,"3/15/2020, 11:00 AM",635,-10180913.27,3867302.808
West Feliciana,,"3/15/2020, 11:00 AM",636,-10176004.08,3616641.565
Winn,,"3/15/2020, 11:00 AM",637,-10312270.27,3756026.281
Acadia,,"3/16/2020, 11:00 AM",638,-10287256.78,3540974.193
Allen,,"3/16/2020, 11:00 AM",639,-10333543.43,3587782.932
Ascension,,"3/16/2020, 11:00 AM",640,-10120199.62,3529750.239
Assumption,,"3/16/2020, 11:00 AM",641,-10137042.26,3490821.665
Avoyelles,,"3/16/2020, 11:00 AM",642,-10241549,3642689.415
Beauregard,,"3/16/2020, 11:00 AM",643,-10390928.62,3587216.17
Bienville,,"3/16/2020, 11:00 AM",644,-10358946.54,3809003.115
Bossier,1,"3/16/2020, 11:00 AM",645,-10420083.2,3852857.003
Caddo,3,"3/16/2020, 11:00 AM",646,-10450952.09,3839827.799
Calcasieu,,"3/16/2020, 11:00 AM",647,-10392565.02,3533072.576
Caldwell,,"3/16/2020, 11:00 AM",648,-10254373.01,3775449.626
Cameron,,"3/16/2020, 11:00 AM",649,-10370134.14,3493112.752
Catahoula,,"3/16/2020, 11:00 AM",650,-10230428.18,3715327.443
Claiborne,,"3/16/2020, 11:00 AM",651,-10352233.97,3871825.723
Concordia,,"3/16/2020, 11:00 AM",652,-10201318.14,3690859.394
De Soto,,"3/16/2020, 11:00 AM",653,-10434577,3770825.301
East Baton Rouge,,"3/16/2020, 11:00 AM",654,-10140715.81,3572952.045
East Carroll,,"3/16/2020, 11:00 AM",655,-10156233.74,3859896.395
East Feliciana,,"3/16/2020, 11:00 AM",656,-10135138.7,3612660.396
Evangeline,,"3/16/2020, 11:00 AM",657,-10286577.73,3597627.731
Franklin,,"3/16/2020, 11:00 AM",658,-10205069.6,3780849.991
Grant,,"3/16/2020, 11:00 AM",659,-10303676.41,3710901.191
Iberia,,"3/16/2020, 11:00 AM",660,-10213919.5,3499442.345
Iberville,,"3/16/2020, 11:00 AM",661,-10170170.94,3531648.979
Jackson,,"3/16/2020, 11:00 AM",662,-10303487.16,3803043.454
Jefferson,16,"3/16/2020, 11:00 AM",663,-10033014.2,3468945.983
Jefferson Davis,,"3/16/2020, 11:00 AM",664,-10332018.35,3538039.026
La Salle,,"3/16/2020, 11:00 AM",665,-10259259.93,3720999.218
Lafayette,,"3/16/2020, 11:00 AM",666,-10248506.47,3530168.865
Lafourche,2,"3/16/2020, 11:00 AM",667,-10067322.87,3448429.516
Lincoln,,"3/16/2020, 11:00 AM",668,-10315398.35,3842561.46
Livingston,,"3/16/2020, 11:00 AM",669,-10101041.54,3561580.815
Madison,,"3/16/2020, 11:00 AM",670,-10157391.47,3811637.433
Morehouse,,"3/16/2020, 11:00 AM",671,-10219329.63,3871499.856
Natchitoches,,"3/16/2020, 11:00 AM",672,-10363432.71,3727167.025
Orleans,79,"3/16/2020, 11:00 AM",673,-10005685.26,3512320.62
Ouachita,,"3/16/2020, 11:00 AM",674,-10258625.41,3826287.704
Out of State,1,"3/16/2020, 11:00 AM",675,0,0
Parish Under Investigation,,"3/16/2020, 11:00 AM",676,0,0
Plaquemines,,"3/16/2020, 11:00 AM",677,-10001555.31,3456784.848
Pointe Coupee,,"3/16/2020, 11:00 AM",678,-10193113.89,3581957.375
Rapides,,"3/16/2020, 11:00 AM",679,-10300748.71,3658620.138
Red River,,"3/16/2020, 11:00 AM",680,-10390550.14,3775561.315
Richland,,"3/16/2020, 11:00 AM",681,-10211648.59,3824147.526
Sabine,,"3/16/2020, 11:00 AM",682,-10411411.41,3707251.332
St. Bernard,2,"3/16/2020, 11:00 AM",683,-9993785.21,3485216.395
St. Charles,3,"3/16/2020, 11:00 AM",684,-10059096.35,3488646.539
St. Helena,,"3/16/2020, 11:00 AM",685,-10097824.41,3609672.115
St. James,,"3/16/2020, 11:00 AM",686,-10107397.88,3506939.912
St. John the Baptist,1,"3/16/2020, 11:00 AM",687,-10079623.67,3513462.898
St. Landry,,"3/16/2020, 11:00 AM",688,-10242038.81,3580798.537
St. Martin,,"3/16/2020, 11:00 AM",689,-10210980.67,3532937.295
St. Mary,,"3/16/2020, 11:00 AM",690,-10180345.54,3468099.931
St. Tammany,5,"3/16/2020, 11:00 AM",691,-10011930.29,3561118.535
Tangipahoa,,"3/16/2020, 11:00 AM",692,-10064617.8,3586895.275
Tensas,,"3/16/2020, 11:00 AM",693,-10167922.29,3763563.972
Terrebonne,2,"3/16/2020, 11:00 AM",694,-10113097.44,3431495.998
Union,,"3/16/2020, 11:00 AM",695,-10283126.83,3873039.193
Vermilion,,"3/16/2020, 11:00 AM",696,-10277416.14,3483772.466
Vernon,,"3/16/2020, 11:00 AM",697,-10373206.56,3646859.666
Washington,,"3/16/2020, 11:00 AM",698,-10023262.61,3613735.316
Webster,,"3/16/2020, 11:00 AM",699,-10390004.67,3857402.163
West Baton Rouge,,"3/16/2020, 11:00 AM",700,-10164894.4,3563268.667
West Carroll,,"3/16/2020, 11:00 AM",701,-10180913.27,3867302.808
West Feliciana,,"3/16/2020, 11:00 AM",702,-10176004.08,3616641.565
Winn,,"3/16/2020, 11:00 AM",703,-10312270.27,3756026.281
Acadia,,"3/17/2020, 11:00 AM",704,-10287256.78,3540974.193
Allen,,"3/17/2020, 11:00 AM",705,-10333543.43,3587782.932
Calcasieu,,"3/20/2020, 11:00 AM",706,-10392565.02,3533072.576
Caldwell,,"3/20/2020, 11:00 AM",707,-10254373.01,3775449.626
Cameron,,"3/20/2020, 11:00 AM",708,-10370134.14,3493112.752
Catahoula,,"3/20/2020, 11:00 AM",709,-10230428.18,3715327.443
Claiborne,,"3/20/2020, 11:00 AM",710,-10352233.97,3871825.723
Concordia,,"3/20/2020, 11:00 AM",711,-10201318.14,3690859.394
De Soto,,"3/20/2020, 11:00 AM",712,-10434577,3770825.301
East Baton Rouge,7,"3/20/2020, 11:00 AM",713,-10140715.81,3572952.045
East Carroll,,"3/20/2020, 11:00 AM",714,-10156233.74,3859896.395
East Feliciana,,"3/20/2020, 11:00 AM",715,-10135138.7,3612660.396
Evangeline,,"3/20/2020, 11:00 AM",716,-10286577.73,3597627.731
Franklin,,"3/20/2020, 11:00 AM",717,-10205069.6,3780849.991
Grant,,"3/20/2020, 11:00 AM",718,-10303676.41,3710901.191
Iberia,,"3/20/2020, 11:00 AM",719,-10213919.5,3499442.345
Iberville,,"3/20/2020, 11:00 AM",720,-10170170.94,3531648.979
Jackson,,"3/20/2020, 11:00 AM",721,-10303487.16,3803043.454
Jefferson,90,"3/20/2020, 11:00 AM",722,-10033014.2,3468945.983
Jefferson Davis,,"3/20/2020, 11:00 AM",723,-10332018.35,3538039.026
La Salle,,"3/20/2020, 11:00 AM",724,-10259259.93,3720999.218
Lafayette,7,"3/20/2020, 11:00 AM",725,-10248506.47,3530168.865
Lafourche,5,"3/20/2020, 11:00 AM",726,-10067322.87,3448429.516
Lincoln,,"3/20/2020, 11:00 AM",727,-10315398.35,3842561.46
Livingston,1,"3/20/2020, 11:00 AM",728,-10101041.54,3561580.815
Madison,,"3/20/2020, 11:00 AM",729,-10157391.47,3811637.433
Morehouse,,"3/20/2020, 11:00 AM",730,-10219329.63,3871499.856
Natchitoches,,"3/20/2020, 11:00 AM",731,-10363432.71,3727167.025
Orleans,299,"3/20/2020, 11:00 AM",732,-10005685.26,3512320.62
Ouachita,,"3/20/2020, 11:00 AM",733,-10258625.41,3826287.704
Out of State,,"3/20/2020, 11:00 AM",734,0,0
Parish Under Investigation,6,"3/20/2020, 11:00 AM",735,0,0
Plaquemines,1,"3/20/2020, 11:00 AM",736,-10001555.31,3456784.848
Pointe Coupee,,"3/20/2020, 11:00 AM",737,-10193113.89,3581957.375
Rapides,1,"3/20/2020, 11:00 AM",738,-10300748.71,3658620.138
Red River,,"3/20/2020, 11:00 AM",739,-10390550.14,3775561.315
Richland,,"3/20/2020, 11:00 AM",740,-10211648.59,3824147.526
Sabine,,"3/20/2020, 11:00 AM",741,-10411411.41,3707251.332
St. Bernard,5,"3/20/2020, 11:00 AM",742,-9993785.21,3485216.395
St. Charles,5,"3/20/2020, 11:00 AM",743,-10059096.35,3488646.539
St. Helena,,"3/20/2020, 11:00 AM",744,-10097824.41,3609672.115
St. James,1,"3/20/2020, 11:00 AM",745,-10107397.88,3506939.912
St. John the Baptist,4,"3/20/2020, 11:00 AM",746,-10079623.67,3513462.898
St. Landry,2,"3/20/2020, 11:00 AM",747,-10242038.81,3580798.537
St. Martin,,"3/20/2020, 11:00 AM",748,-10210980.67,3532937.295
St. Mary,,"3/20/2020, 11:00 AM",749,-10180345.54,3468099.931
St. Tammany,10,"3/20/2020, 11:00 AM",750,-10011930.29,3561118.535
Tangipahoa,,"3/20/2020, 11:00 AM",751,-10064617.8,3586895.275
Tensas,,"3/20/2020, 11:00 AM",752,-10167922.29,3763563.972
Terrebonne,5,"3/20/2020, 11:00 AM",753,-10113097.44,3431495.998
Union,,"3/20/2020, 11:00 AM",754,-10283126.83,3873039.193
Vermilion,,"3/20/2020, 11:00 AM",755,-10277416.14,3483772.466
Vernon,,"3/20/2020, 11:00 AM",756,-10373206.56,3646859.666
Washington,2,"3/20/2020, 11:00 AM",757,-10023262.61,3613735.316
Webster,,"3/20/2020, 11:00 AM",758,-10390004.67,3857402.163
West Baton Rouge,2,"3/20/2020, 11:00 AM",759,-10164894.4,3563268.667
West Carroll,,"3/20/2020, 11:00 AM",760,-10180913.27,3867302.808
West Feliciana,,"3/20/2020, 11:00 AM",761,-10176004.08,3616641.565
Winn,,"3/20/2020, 11:00 AM",762,-10312270.27,3756026.281
Acadia,,"3/21/2020, 11:00 AM",763,-10287256.78,3540974.193
Allen,,"3/21/2020, 11:00 AM",764,-10333543.43,3587782.932
Ascension,3,"3/21/2020, 11:00 AM",765,-10120199.62,3529750.239
Assumption,1,"3/21/2020, 11:00 AM",766,-10137042.26,3490821.665
Avoyelles,,"3/21/2020, 11:00 AM",767,-10241549,3642689.415
Beauregard,,"3/21/2020, 11:00 AM",768,-10390928.62,3587216.17
Bienville,,"3/21/2020, 11:00 AM",769,-10358946.54,3809003.115
Bossier,5,"3/21/2020, 11:00 AM",770,-10420083.2,3852857.003
Caddo,13,"3/21/2020, 11:00 AM",771,-10450952.09,3839827.799
Calcasieu,4,"3/21/2020, 11:00 AM",772,-10392565.02,3533072.576
Caldwell,,"3/21/2020, 11:00 AM",773,-10254373.01,3775449.626
Cameron,,"3/21/2020, 11:00 AM",774,-10370134.14,3493112.752
Catahoula,1,"3/21/2020, 11:00 AM",775,-10230428.18,3715327.443
Claiborne,,"3/21/2020, 11:00 AM",776,-10352233.97,3871825.723
Concordia,,"3/21/2020, 11:00 AM",777,-10201318.14,3690859.394
De Soto,2,"3/21/2020, 11:00 AM",778,-10434577,3770825.301
East Baton Rouge,8,"3/21/2020, 11:00 AM",779,-10140715.81,3572952.045
East Carroll,,"3/21/2020, 11:00 AM",780,-10156233.74,3859896.395
East Feliciana,,"3/21/2020, 11:00 AM",781,-10135138.7,3612660.396
Evangeline,1,"3/21/2020, 11:00 AM",782,-10286577.73,3597627.731
Franklin,,"3/21/2020, 11:00 AM",783,-10205069.6,3780849.991
Grant,,"3/21/2020, 11:00 AM",784,-10303676.41,3710901.191
Iberia,,"3/21/2020, 11:00 AM",785,-10213919.5,3499442.345
Iberville,,"3/21/2020, 11:00 AM",786,-10170170.94,3531648.979
Jackson,,"3/21/2020, 11:00 AM",787,-10303487.16,3803043.454
Jefferson,116,"3/21/2020, 11:00 AM",788,-10033014.2,3468945.983
Jefferson Davis,,"3/21/2020, 11:00 AM",789,-10332018.35,3538039.026
La Salle,,"3/21/2020, 11:00 AM",790,-10259259.93,3720999.218
Lafayette,6,"3/21/2020, 11:00 AM",791,-10248506.47,3530168.865
Lafourche,5,"3/21/2020, 11:00 AM",792,-10067322.87,3448429.516
Lincoln,,"3/21/2020, 11:00 AM",793,-10315398.35,3842561.46
Livingston,1,"3/21/2020, 11:00 AM",794,-10101041.54,3561580.815
Madison,,"3/21/2020, 11:00 AM",795,-10157391.47,3811637.433
Morehouse,,"3/21/2020, 11:00 AM",796,-10219329.63,3871499.856
Natchitoches,,"3/21/2020, 11:00 AM",797,-10363432.71,3727167.025
Orleans,352,"3/21/2020, 11:00 AM",798,-10005685.26,3512320.62
Ouachita,,"3/21/2020, 11:00 AM",799,-10258625.41,3826287.704
Out of State,,"3/21/2020, 11:00 AM",800,0,0
Pointe Coupee,,"3/24/2020, 11:00 AM",801,-10193113.89,3581957.375
Ascension,1,"3/17/2020, 11:00 AM",802,-10120199.62,3529750.239
Assumption,,"3/17/2020, 11:00 AM",803,-10137042.26,3490821.665
Avoyelles,,"3/17/2020, 11:00 AM",804,-10241549,3642689.415
Beauregard,,"3/17/2020, 11:00 AM",805,-10390928.62,3587216.17
Bienville,,"3/17/2020, 11:00 AM",806,-10358946.54,3809003.115
Bossier,1,"3/17/2020, 11:00 AM",807,-10420083.2,3852857.003
Caddo,3,"3/17/2020, 11:00 AM",808,-10450952.09,3839827.799
Calcasieu,,"3/17/2020, 11:00 AM",809,-10392565.02,3533072.576
Caldwell,,"3/17/2020, 11:00 AM",810,-10254373.01,3775449.626
Cameron,,"3/17/2020, 11:00 AM",811,-10370134.14,3493112.752
Catahoula,,"3/17/2020, 11:00 AM",812,-10230428.18,3715327.443
Claiborne,,"3/17/2020, 11:00 AM",813,-10352233.97,3871825.723
Concordia,,"3/17/2020, 11:00 AM",814,-10201318.14,3690859.394
De Soto,,"3/17/2020, 11:00 AM",815,-10434577,3770825.301
East Baton Rouge,,"3/17/2020, 11:00 AM",816,-10140715.81,3572952.045
East Carroll,,"3/17/2020, 11:00 AM",817,-10156233.74,3859896.395
East Feliciana,,"3/17/2020, 11:00 AM",818,-10135138.7,3612660.396
Evangeline,,"3/17/2020, 11:00 AM",819,-10286577.73,3597627.731
Franklin,,"3/17/2020, 11:00 AM",820,-10205069.6,3780849.991
Grant,,"3/17/2020, 11:00 AM",821,-10303676.41,3710901.191
Iberia,,"3/17/2020, 11:00 AM",822,-10213919.5,3499442.345
Iberville,,"3/17/2020, 11:00 AM",823,-10170170.94,3531648.979
Jackson,,"3/17/2020, 11:00 AM",824,-10303487.16,3803043.454
Jefferson,20,"3/17/2020, 11:00 AM",825,-10033014.2,3468945.983
Jefferson Davis,,"3/17/2020, 11:00 AM",826,-10332018.35,3538039.026
La Salle,,"3/17/2020, 11:00 AM",827,-10259259.93,3720999.218
Lafayette,,"3/17/2020, 11:00 AM",828,-10248506.47,3530168.865
Lafourche,2,"3/17/2020, 11:00 AM",829,-10067322.87,3448429.516
Lincoln,,"3/17/2020, 11:00 AM",830,-10315398.35,3842561.46
Livingston,,"3/17/2020, 11:00 AM",831,-10101041.54,3561580.815
Madison,,"3/17/2020, 11:00 AM",832,-10157391.47,3811637.433
Morehouse,,"3/17/2020, 11:00 AM",833,-10219329.63,3871499.856
Natchitoches,,"3/17/2020, 11:00 AM",834,-10363432.71,3727167.025
Orleans,95,"3/17/2020, 11:00 AM",835,-10005685.26,3512320.62
Ouachita,,"3/17/2020, 11:00 AM",836,-10258625.41,3826287.704
Out of State,,"3/17/2020, 11:00 AM",837,0,0
Parish Under Investigation,1,"3/17/2020, 11:00 AM",838,0,0
Plaquemines,,"3/17/2020, 11:00 AM",839,-10001555.31,3456784.848
Pointe Coupee,,"3/17/2020, 11:00 AM",840,-10193113.89,3581957.375
Rapides,,"3/17/2020, 11:00 AM",841,-10300748.71,3658620.138
Red River,,"3/17/2020, 11:00 AM",842,-10390550.14,3775561.315
Richland,,"3/17/2020, 11:00 AM",843,-10211648.59,3824147.526
Sabine,,"3/17/2020, 11:00 AM",844,-10411411.41,3707251.332
St. Bernard,2,"3/17/2020, 11:00 AM",845,-9993785.21,3485216.395
St. Charles,3,"3/17/2020, 11:00 AM",846,-10059096.35,3488646.539
St. Helena,,"3/17/2020, 11:00 AM",847,-10097824.41,3609672.115
St. James,,"3/17/2020, 11:00 AM",848,-10107397.88,3506939.912
St. John the Baptist,1,"3/17/2020, 11:00 AM",849,-10079623.67,3513462.898
St. Landry,,"3/17/2020, 11:00 AM",850,-10242038.81,3580798.537
St. Martin,,"3/17/2020, 11:00 AM",851,-10210980.67,3532937.295
St. Mary,,"3/17/2020, 11:00 AM",852,-10180345.54,3468099.931
St. Tammany,6,"3/17/2020, 11:00 AM",853,-10011930.29,3561118.535
Tangipahoa,,"3/17/2020, 11:00 AM",854,-10064617.8,3586895.275
Tensas,,"3/17/2020, 11:00 AM",855,-10167922.29,3763563.972
Terrebonne,2,"3/17/2020, 11:00 AM",856,-10113097.44,3431495.998
Union,,"3/17/2020, 11:00 AM",857,-10283126.83,3873039.193
Vermilion,,"3/17/2020, 11:00 AM",858,-10277416.14,3483772.466
Vernon,,"3/17/2020, 11:00 AM",859,-10373206.56,3646859.666
Washington,,"3/17/2020, 11:00 AM",860,-10023262.61,3613735.316
Webster,,"3/17/2020, 11:00 AM",861,-10390004.67,3857402.163
West Baton Rouge,,"3/17/2020, 11:00 AM",862,-10164894.4,3563268.667
West Carroll,,"3/17/2020, 11:00 AM",863,-10180913.27,3867302.808
West Feliciana,,"3/17/2020, 11:00 AM",864,-10176004.08,3616641.565
Winn,,"3/17/2020, 11:00 AM",865,-10312270.27,3756026.281
Acadia,,"3/18/2020, 11:00 AM",866,-10287256.78,3540974.193
Allen,,"3/18/2020, 11:00 AM",867,-10333543.43,3587782.932
Ascension,1,"3/18/2020, 11:00 AM",868,-10120199.62,3529750.239
Assumption,,"3/18/2020, 11:00 AM",869,-10137042.26,3490821.665
Avoyelles,,"3/18/2020, 11:00 AM",870,-10241549,3642689.415
Beauregard,,"3/18/2020, 11:00 AM",871,-10390928.62,3587216.17
Bienville,,"3/18/2020, 11:00 AM",872,-10358946.54,3809003.115
Bossier,1,"3/18/2020, 11:00 AM",873,-10420083.2,3852857.003
Caddo,5,"3/18/2020, 11:00 AM",874,-10450952.09,3839827.799
Calcasieu,,"3/18/2020, 11:00 AM",875,-10392565.02,3533072.576
Caldwell,,"3/18/2020, 11:00 AM",876,-10254373.01,3775449.626
Cameron,,"3/18/2020, 11:00 AM",877,-10370134.14,3493112.752
Catahoula,,"3/18/2020, 11:00 AM",878,-10230428.18,3715327.443
Claiborne,,"3/18/2020, 11:00 AM",879,-10352233.97,3871825.723
Concordia,,"3/18/2020, 11:00 AM",880,-10201318.14,3690859.394
De Soto,,"3/18/2020, 11:00 AM",881,-10434577,3770825.301
East Baton Rouge,1,"3/18/2020, 11:00 AM",882,-10140715.81,3572952.045
East Carroll,,"3/18/2020, 11:00 AM",883,-10156233.74,3859896.395
East Feliciana,,"3/18/2020, 11:00 AM",884,-10135138.7,3612660.396
Evangeline,,"3/18/2020, 11:00 AM",885,-10286577.73,3597627.731
Franklin,,"3/18/2020, 11:00 AM",886,-10205069.6,3780849.991
Grant,,"3/18/2020, 11:00 AM",887,-10303676.41,3710901.191
Iberia,,"3/18/2020, 11:00 AM",888,-10213919.5,3499442.345
Iberville,,"3/18/2020, 11:00 AM",889,-10170170.94,3531648.979
Jackson,,"3/18/2020, 11:00 AM",890,-10303487.16,3803043.454
Jefferson,37,"3/18/2020, 11:00 AM",891,-10033014.2,3468945.983
Jefferson Davis,,"3/18/2020, 11:00 AM",892,-10332018.35,3538039.026
La Salle,,"3/18/2020, 11:00 AM",893,-10259259.93,3720999.218
Lafayette,,"3/18/2020, 11:00 AM",894,-10248506.47,3530168.865
Lafourche,3,"3/18/2020, 11:00 AM",895,-10067322.87,3448429.516
Lincoln,,"3/18/2020, 11:00 AM",896,-10315398.35,3842561.46
Livingston,,"3/18/2020, 11:00 AM",897,-10101041.54,3561580.815
Madison,,"3/18/2020, 11:00 AM",898,-10157391.47,3811637.433
Morehouse,,"3/18/2020, 11:00 AM",899,-10219329.63,3871499.856
Natchitoches,,"3/18/2020, 11:00 AM",900,-10363432.71,3727167.025
Orleans,176,"3/18/2020, 11:00 AM",901,-10005685.26,3512320.62
Rapides,10,"3/24/2020, 11:00 AM",902,-10300748.71,3658620.138
Red River,,"3/24/2020, 11:00 AM",903,-10390550.14,3775561.315
Richland,1,"3/24/2020, 11:00 AM",904,-10211648.59,3824147.526
Sabine,,"3/24/2020, 11:00 AM",905,-10411411.41,3707251.332
St. Bernard,19,"3/24/2020, 11:00 AM",906,-9993785.21,3485216.395
St. Charles,15,"3/24/2020, 11:00 AM",907,-10059096.35,3488646.539
St. Helena,,"3/24/2020, 11:00 AM",908,-10097824.41,3609672.115
St. James,9,"3/24/2020, 11:00 AM",909,-10107397.88,3506939.912
St. John the Baptist,21,"3/24/2020, 11:00 AM",910,-10079623.67,3513462.898
St. Landry,3,"3/24/2020, 11:00 AM",911,-10242038.81,3580798.537
St. Martin,1,"3/24/2020, 11:00 AM",912,-10210980.67,3532937.295
St. Mary,2,"3/24/2020, 11:00 AM",913,-10180345.54,3468099.931
St. Tammany,52,"3/24/2020, 11:00 AM",914,-10011930.29,3561118.535
Tangipahoa,4,"3/24/2020, 11:00 AM",915,-10064617.8,3586895.275
Tensas,,"3/24/2020, 11:00 AM",916,-10167922.29,3763563.972
Terrebonne,14,"3/24/2020, 11:00 AM",917,-10113097.44,3431495.998
Union,,"3/24/2020, 11:00 AM",918,-10283126.83,3873039.193
Vermilion,,"3/24/2020, 11:00 AM",919,-10277416.14,3483772.466
Vernon,2,"3/24/2020, 11:00 AM",920,-10373206.56,3646859.666
Washington,3,"3/24/2020, 11:00 AM",921,-10023262.61,3613735.316
Webster,3,"3/24/2020, 11:00 AM",922,-10390004.67,3857402.163
West Baton Rouge,5,"3/24/2020, 11:00 AM",923,-10164894.4,3563268.667
West Carroll,,"3/24/2020, 11:00 AM",924,-10180913.27,3867302.808
West Feliciana,,"3/24/2020, 11:00 AM",925,-10176004.08,3616641.565
Winn,,"3/24/2020, 11:00 AM",926,-10312270.27,3756026.281
Acadia,2,"3/25/2020, 11:00 AM",927,-10287256.78,3540974.193
Allen,2,"3/25/2020, 11:00 AM",928,-10333543.43,3587782.932
Ascension,65,"3/25/2020, 11:00 AM",929,-10120199.62,3529750.239
Assumption,2,"3/25/2020, 11:00 AM",930,-10137042.26,3490821.665
Avoyelles,5,"3/25/2020, 11:00 AM",931,-10241549,3642689.415
Beauregard,3,"3/25/2020, 11:00 AM",932,-10390928.62,3587216.17
Bienville,1,"3/25/2020, 11:00 AM",933,-10358946.54,3809003.115
Bossier,25,"3/25/2020, 11:00 AM",934,-10420083.2,3852857.003
Caddo,93,"3/25/2020, 11:00 AM",935,-10450952.09,3839827.799
Calcasieu,11,"3/25/2020, 11:00 AM",936,-10392565.02,3533072.576
Caldwell,,"3/25/2020, 11:00 AM",937,-10254373.01,3775449.626
Cameron,,"3/25/2020, 11:00 AM",938,-10370134.14,3493112.752
Catahoula,1,"3/25/2020, 11:00 AM",939,-10230428.18,3715327.443
Claiborne,2,"3/25/2020, 11:00 AM",940,-10352233.97,3871825.723
Concordia,,"3/25/2020, 11:00 AM",941,-10201318.14,3690859.394
De Soto,8,"3/25/2020, 11:00 AM",942,-10434577,3770825.301
East Baton Rouge,75,"3/25/2020, 11:00 AM",943,-10140715.81,3572952.045
East Carroll,,"3/25/2020, 11:00 AM",944,-10156233.74,3859896.395
East Feliciana,,"3/25/2020, 11:00 AM",945,-10135138.7,3612660.396
Evangeline,2,"3/25/2020, 11:00 AM",946,-10286577.73,3597627.731
Franklin,,"3/25/2020, 11:00 AM",947,-10205069.6,3780849.991
Grant,1,"3/25/2020, 11:00 AM",948,-10303676.41,3710901.191
Iberia,2,"3/25/2020, 11:00 AM",949,-10213919.5,3499442.345
Iberville,14,"3/25/2020, 11:00 AM",950,-10170170.94,3531648.979
Jackson,1,"3/25/2020, 11:00 AM",951,-10303487.16,3803043.454
Jefferson,359,"3/25/2020, 11:00 AM",952,-10033014.2,3468945.983
Jefferson Davis,1,"3/25/2020, 11:00 AM",953,-10332018.35,3538039.026
La Salle,,"3/25/2020, 11:00 AM",954,-10259259.93,3720999.218
Lafayette,20,"3/25/2020, 11:00 AM",955,-10248506.47,3530168.865
Lafourche,18,"3/25/2020, 11:00 AM",956,-10067322.87,3448429.516
Lincoln,2,"3/25/2020, 11:00 AM",957,-10315398.35,3842561.46
Livingston,6,"3/25/2020, 11:00 AM",958,-10101041.54,3561580.815
Madison,,"3/25/2020, 11:00 AM",959,-10157391.47,3811637.433
Morehouse,1,"3/25/2020, 11:00 AM",960,-10219329.63,3871499.856
Natchitoches,2,"3/25/2020, 11:00 AM",961,-10363432.71,3727167.025
Orleans,827,"3/25/2020, 11:00 AM",962,-10005685.26,3512320.62
Ouachita,10,"3/25/2020, 11:00 AM",963,-10258625.41,3826287.704
Out of State,,"3/25/2020, 11:00 AM",964,0,0
Parish Under Investigation,11,"3/25/2020, 11:00 AM",965,0,0
Plaquemines,9,"3/25/2020, 11:00 AM",966,-10001555.31,3456784.848
Pointe Coupee,,"3/25/2020, 11:00 AM",967,-10193113.89,3581957.375
Rapides,14,"3/25/2020, 11:00 AM",968,-10300748.71,3658620.138
Red River,,"3/25/2020, 11:00 AM",969,-10390550.14,3775561.315
Richland,1,"3/25/2020, 11:00 AM",970,-10211648.59,3824147.526
Sabine,,"3/25/2020, 11:00 AM",971,-10411411.41,3707251.332
St. Bernard,23,"3/25/2020, 11:00 AM",972,-9993785.21,3485216.395
St. Charles,17,"3/25/2020, 11:00 AM",973,-10059096.35,3488646.539
St. Helena,,"3/25/2020, 11:00 AM",974,-10097824.41,3609672.115
St. James,14,"3/25/2020, 11:00 AM",975,-10107397.88,3506939.912
St. John the Baptist,27,"3/25/2020, 11:00 AM",976,-10079623.67,3513462.898
St. Landry,4,"3/25/2020, 11:00 AM",977,-10242038.81,3580798.537
St. Martin,1,"3/25/2020, 11:00 AM",978,-10210980.67,3532937.295
St. Mary,5,"3/25/2020, 11:00 AM",979,-10180345.54,3468099.931
St. Tammany,67,"3/25/2020, 11:00 AM",980,-10011930.29,3561118.535
Tangipahoa,5,"3/25/2020, 11:00 AM",981,-10064617.8,3586895.275
Tensas,,"3/25/2020, 11:00 AM",982,-10167922.29,3763563.972
Terrebonne,15,"3/25/2020, 11:00 AM",983,-10113097.44,3431495.998
Union,2,"3/25/2020, 11:00 AM",984,-10283126.83,3873039.193
Vermilion,,"3/25/2020, 11:00 AM",985,-10277416.14,3483772.466
Vernon,2,"3/25/2020, 11:00 AM",986,-10373206.56,3646859.666
Washington,4,"3/25/2020, 11:00 AM",987,-10023262.61,3613735.316
Webster,5,"3/25/2020, 11:00 AM",988,-10390004.67,3857402.163
West Baton Rouge,7,"3/25/2020, 11:00 AM",989,-10164894.4,3563268.667
West Carroll,,"3/25/2020, 11:00 AM",990,-10180913.27,3867302.808
West Feliciana,,"3/25/2020, 11:00 AM",991,-10176004.08,3616641.565
Winn,1,"3/25/2020, 11:00 AM",992,-10312270.27,3756026.281
Acadia,4,"3/26/2020, 11:00 AM",993,-10287256.78,3540974.193
Allen,5,"3/26/2020, 11:00 AM",994,-10333543.43,3587782.932
Ascension,91,"3/26/2020, 11:00 AM",995,-10120199.62,3529750.239
Assumption,5,"3/26/2020, 11:00 AM",996,-10137042.26,3490821.665
Avoyelles,7,"3/26/2020, 11:00 AM",997,-10241549,3642689.415
Beauregard,3,"3/26/2020, 11:00 AM",998,-10390928.62,3587216.17
Bienville,1,"3/26/2020, 11:00 AM",999,-10358946.54,3809003.115
Bossier,32,"3/26/2020, 11:00 AM",1000,-10420083.2,3852857.003
Caldwell,1,"3/29/2020, 11:00 AM",1001,-10254373.01,3775449.626
Cameron,,"3/29/2020, 11:00 AM",1002,-10370134.14,3493112.752
Catahoula,1,"3/29/2020, 11:00 AM",1003,-10230428.18,3715327.443
Claiborne,4,"3/29/2020, 11:00 AM",1004,-10352233.97,3871825.723
Concordia,,"3/29/2020, 11:00 AM",1005,-10201318.14,3690859.394
De Soto,25,"3/29/2020, 11:00 AM",1006,-10434577,3770825.301
East Baton Rouge,164,"3/29/2020, 11:00 AM",1007,-10140715.81,3572952.045
East Carroll,1,"3/29/2020, 11:00 AM",1008,-10156233.74,3859896.395
East Feliciana,8,"3/29/2020, 11:00 AM",1009,-10135138.7,3612660.396
Evangeline,4,"3/29/2020, 11:00 AM",1010,-10286577.73,3597627.731
Franklin,4,"3/29/2020, 11:00 AM",1011,-10205069.6,3780849.991
Grant,2,"3/29/2020, 11:00 AM",1012,-10303676.41,3710901.191
Iberia,11,"3/29/2020, 11:00 AM",1013,-10213919.5,3499442.345
Iberville,22,"3/29/2020, 11:00 AM",1014,-10170170.94,3531648.979
Jackson,2,"3/29/2020, 11:00 AM",1015,-10303487.16,3803043.454
Jefferson,761,"3/29/2020, 11:00 AM",1016,-10033014.2,3468945.983
Jefferson Davis,2,"3/29/2020, 11:00 AM",1017,-10332018.35,3538039.026
La Salle,2,"3/29/2020, 11:00 AM",1018,-10259259.93,3720999.218
Lafayette,50,"3/29/2020, 11:00 AM",1019,-10248506.47,3530168.865
Lafourche,36,"3/29/2020, 11:00 AM",1020,-10067322.87,3448429.516
Lincoln,7,"3/29/2020, 11:00 AM",1021,-10315398.35,3842561.46
Livingston,15,"3/29/2020, 11:00 AM",1022,-10101041.54,3561580.815
Madison,1,"3/29/2020, 11:00 AM",1023,-10157391.47,3811637.433
Morehouse,2,"3/29/2020, 11:00 AM",1024,-10219329.63,3871499.856
Natchitoches,2,"3/29/2020, 11:00 AM",1025,-10363432.71,3727167.025
Orleans,1350,"3/29/2020, 11:00 AM",1026,-10005685.26,3512320.62
Ouachita,41,"3/29/2020, 11:00 AM",1027,-10258625.41,3826287.704
Out of State,,"3/29/2020, 11:00 AM",1028,0,0
Parish Under Investigation,8,"3/29/2020, 11:00 AM",1029,0,0
Plaquemines,20,"3/29/2020, 11:00 AM",1030,-10001555.31,3456784.848
Pointe Coupee,2,"3/29/2020, 11:00 AM",1031,-10193113.89,3581957.375
Rapides,41,"3/29/2020, 11:00 AM",1032,-10300748.71,3658620.138
Red River,1,"3/29/2020, 11:00 AM",1033,-10390550.14,3775561.315
Richland,2,"3/29/2020, 11:00 AM",1034,-10211648.59,3824147.526
Sabine,1,"3/29/2020, 11:00 AM",1035,-10411411.41,3707251.332
St. Bernard,45,"3/29/2020, 11:00 AM",1036,-9993785.21,3485216.395
St. Charles,31,"3/29/2020, 11:00 AM",1037,-10059096.35,3488646.539
St. Helena,,"3/29/2020, 11:00 AM",1038,-10097824.41,3609672.115
St. James,55,"3/29/2020, 11:00 AM",1039,-10107397.88,3506939.912
St. John the Baptist,57,"3/29/2020, 11:00 AM",1040,-10079623.67,3513462.898
St. Landry,10,"3/29/2020, 11:00 AM",1041,-10242038.81,3580798.537
St. Martin,13,"3/29/2020, 11:00 AM",1042,-10210980.67,3532937.295
St. Mary,7,"3/29/2020, 11:00 AM",1043,-10180345.54,3468099.931
St. Tammany,138,"3/29/2020, 11:00 AM",1044,-10011930.29,3561118.535
Tangipahoa,10,"3/29/2020, 11:00 AM",1045,-10064617.8,3586895.275
Tensas,,"3/29/2020, 11:00 AM",1046,-10167922.29,3763563.972
Terrebonne,29,"3/29/2020, 11:00 AM",1047,-10113097.44,3431495.998
Union,9,"3/29/2020, 11:00 AM",1048,-10283126.83,3873039.193
Vermilion,2,"3/29/2020, 11:00 AM",1049,-10277416.14,3483772.466
Vernon,2,"3/29/2020, 11:00 AM",1050,-10373206.56,3646859.666
Washington,12,"3/29/2020, 11:00 AM",1051,-10023262.61,3613735.316
Webster,9,"3/29/2020, 11:00 AM",1052,-10390004.67,3857402.163
West Baton Rouge,12,"3/29/2020, 11:00 AM",1053,-10164894.4,3563268.667
West Carroll,,"3/29/2020, 11:00 AM",1054,-10180913.27,3867302.808
West Feliciana,4,"3/29/2020, 11:00 AM",1055,-10176004.08,3616641.565
Winn,1,"3/29/2020, 11:00 AM",1056,-10312270.27,3756026.281
