"Week","HighwayClass","crashCount","Pedestrian","Bicycle","NonMotorist","Motorcycle","Fatal","iceCrashes","icePresent","home","covid","holiday","5-MA","4-MA","2x4-MA","26-MA","dn_crashes","season_adjust","dn_multi","season_adjust_multi","stl_dn_crashes","stl_season_adjust"
2018 W01,"20",109,1,0,1,0,0,0,0,0,0,1,NA,NA,NA,NA,NA,132.284485946746,NA,134.847087433435,116.581649836113,133.13157681316
2018 W02,"20",114,2,0,2,0,0,0,0,0,0,0,NA,123.25,NA,NA,NA,125.069101331361,NA,125.985251736494,127.807004880881,126.620938764099
2018 W03,"20",145,2,1,3,1,0,69,1,0,0,1,122,125.25,124.25,NA,NA,151.026793639053,NA,151.916123291114,138.845675261349,146.296985379336
2018 W04,"20",125,2,0,2,0,0,0,0,0,0,0,128.6,132.25,128.75,NA,NA,141.984485946746,NA,145.854385985004,123.553393361341,141.30398427505
2018 W05,"20",117,2,0,2,0,0,0,0,0,0,0,127.8,123.5,127.875,NA,NA,114.711409023669,NA,114.378678718954,133.482831577183,123.089263054915
2018 W06,"20",142,2,0,2,2,0,0,0,0,0,0,125,125,124.25,NA,NA,147.063332100592,NA,148.28130042,136.052587913468,145.234223714335
2018 W07,"20",110,2,1,3,1,0,0,0,0,0,1,126,128.25,126.625,NA,NA,117.446024408284,NA,117.543261450672,126.961433693444,122.040094930065
2018 W08,"20",131,2,0,2,1,1,0,0,0,0,0,131.6,129,128.625,NA,NA,133.219101331361,NA,133.615850957987,133.228649085951,136.487596533264
2018 W09,"20",130,0,0,0,1,2,0,0,0,0,0,136,142.5,135.75,NA,NA,133.765255177515,NA,134.541474890827,136.239602198848,132.191360416073
2018 W10,"20",145,3,0,3,2,0,0,0,0,0,0,146,149.75,146.125,NA,NA,142.301793639053,NA,140.797708330058,143.617070516869,139.528609093758
2018 W11,"20",164,4,1,5,0,0,0,0,0,0,0,147.6,152,150.875,NA,NA,156.746024408284,NA,153.253945758119,151.01408390396,150.846312702373
2018 W12,"20",160,1,2,2,2,0,0,0,0,0,0,144.8,144.75,148.375,NA,NA,153.561409023669,NA,152.875405394225,145.148113809736,152.427847559421
2018 W13,"20",139,3,0,3,5,1,0,0,0,0,1,143.8,138.75,141.75,133.769230769231,NA,139.247947485207,NA,140.352118857128,137.13061015569,139.160915976292
2018 W14,"20",116,1,1,2,0,1,0,0,0,0,0,144.4,140.5,139.625,133.653846153846,NA,112.411409023669,NA,113.851345033267,133.34506802895,119.662022865858
2018 W15,"20",140,3,1,4,1,0,0,0,0,0,0,142.8,143.75,142.125,133.461538461538,NA,135.665255177515,NA,136.199591887213,140.945124194631,135.777531463001
2018 W16,"20",167,1,1,2,0,0,0,0,0,0,0,144.4,151.5,147.625,131.346153846154,NA,183.603716715976,NA,196.622150888897,128.854264444266,174.583955976191
2018 W17,"20",152,3,2,5,1,0,0,0,0,0,0,146.8,148.5,150,130.653846153846,NA,159.303716715976,NA,162.504456221508,131.235212553354,156.918572629927
2018 W18,"20",147,4,3,6,1,1,0,0,0,0,0,151.4,147.5,148,131.038461538462,NA,144.597947485207,NA,144.936849768799,134.822616741704,148.046733204402
2018 W19,"20",128,1,0,1,2,0,0,0,0,0,0,145.6,144,145.75,130.807692307692,NA,118.065255177515,NA,118.488068373204,138.607694901109,124.977219807822
2018 W20,"20",163,1,2,3,1,0,0,0,0,0,0,136.6,134,139,131.961538461538,NA,160.186409023669,NA,160.193299765475,140.991246381396,157.309233090359
2018 W21,"20",138,0,0,0,0,0,0,0,0,0,0,130.8,131.5,132.75,131.730769230769,NA,140.446024408284,NA,141.058586112092,133.327005737797,139.689038496783
2018 W22,"20",107,1,0,1,0,0,0,0,0,0,1,128.8,120.25,125.875,132.5,NA,122.284485946746,NA,123.464467769763,114.970227712449,126.764113988538
2018 W23,"20",118,1,1,2,0,0,0,0,0,0,0,122.8,119,119.625,132.153846153846,NA,130.036409023669,NA,131.154438796122,121.330302115338,131.122337052057
2018 W24,"20",118,3,0,3,1,0,0,0,0,0,0,119.2,122.25,120.625,130.5,NA,128.459485946746,NA,129.888371219999,122.279901031869,129.891035601933
2018 W25,"20",133,1,2,3,2,1,0,0,0,0,0,119,119.25,120.75,130.307692307692,NA,145.57487056213,NA,149.108855744901,124.913296623748,141.975937476463
2018 W26,"20",120,2,0,2,2,0,0,0,0,0,0,117.2,117,118.125,131.576923076923,NA,136.507562869822,NA,138.512806369134,118.076525355202,135.531006211416
2018 W27,"20",106,2,0,2,0,0,0,0,0,0,1,111.6,106.25,111.625,131.5,120.581860207101,118.773909023669,105.111161967361,118.531679564196,118.522566065398,120.803262967627
2018 W28,"20",109,1,1,2,2,0,0,0,0,0,0,106.4,103,104.625,130.653846153846,116.023206360947,126.447947485207,108.045990998941,127.33268215093,116.09931149078,125.944815008653
2018 W29,"20",90,1,1,2,1,0,0,0,0,0,0,107.8,108.25,105.625,130.884615384615,116.059744822485,107.353716715976,89.2157099120557,104.634855482959,113.312292981539,109.450130984302
2018 W30,"20",107,2,3,5,0,2,0,0,0,0,0,113.8,115,111.625,130.076923076923,118.119360207101,121.832562869822,106.080522105063,122.246354358586,116.847671854493,122.633049577755
2018 W31,"20",127,1,2,3,1,1,0,0,0,0,0,120,127.5,121.25,131.307692307692,123.953975591716,135.613332100592,125.979918725694,135.229428162116,123.112295095136,136.08672380352
2018 W32,"20",136,2,0,2,1,1,0,0,0,0,0,127,132,129.75,131.961538461538,125.346283284024,142.778716715976,134.911856163864,143.771004349469,128.287943468251,139.61203062184
2018 W33,"20",140,3,1,4,1,0,0,0,0,0,0,135.6,137.75,134.875,131.653846153846,134.738590976331,137.097947485207,138.966202681114,136.292259992771,135.92704737879,135.673881902736
2018 W34,"20",125,3,1,4,1,0,0,0,0,0,0,137.4,137.75,137.75,130.961538461538,144.098206360947,112.690255177515,124.139136569864,113.451867052361,140.628818581629,115.673065891332
2018 W35,"20",150,1,1,2,0,0,0,0,0,0,0,134.4,133,135.375,132.115384615385,145.694360207101,136.257562869822,148.972158944306,135.625603916239,143.141402492706,137.86143717169
2018 W36,"20",136,2,0,2,2,0,0,0,1,0,1,137.4,140.5,136.75,132.884615384615,140.371283284024,127.330639792899,135.042509447747,126.103347059696,138.1847166752,128.519078180631
2018 W37,"20",121,1,2,3,0,0,0,0,0,0,0,146.8,146,143.25,133.153846153846,144.782821745562,107.178716715976,120.16809719208,108.94727157562,144.213317737768,107.191432309498
2018 W38,"20",155,4,1,5,2,1,0,0,1,0,0,139.6,140.5,143.25,133.692307692308,140.202052514793,145.24987056213,153.891731244491,144.575790442278,139.377239134115,145.728466104586
2018 W39,"20",172,5,2,7,1,0,0,0,1,0,0,136,139.75,140.125,133.076923076923,157.446283284024,144.746024408284,170.928842111461,139.456517411671,157.585184477478,144.221475952658
2018 W40,"20",114,2,1,3,0,0,0,0,0,0,0,146.4,144.25,142,132.923076923077,145.484744822485,98.919101331361,113.228256452176,100.638326880698,144.241534730903,99.2660808906684
2018 W41,"20",118,1,1,2,0,0,0,0,1,0,0,141.6,134,139.125,133.846153846154,143.978975591716,104.67487056213,117.198679875668,104.695556244441,142.064646871893,105.143923941113
2018 W42,"20",173,0,1,1,2,0,0,0,1,0,0,143,150.25,142.125,135,143.555898668639,159.472947485207,171.799833870517,156.056217009607,143.195532752127,158.646348812742
2018 W43,"20",131,2,1,2,1,2,0,0,0,0,0,149.2,157,153.625,134.807692307692,140.811667899408,119.101793639053,130.080963638032,118.476158701036,139.331014909711,120.144177407021
2018 W44,"20",179,2,3,5,3,0,0,0,1,0,0,156.6,152.5,154.75,133.769230769231,158.619360207101,148.467178254438,177.890476462748,142.115029228237,160.050502941656,147.058000126939
2018 W45,"20",145,2,1,3,1,0,0,0,0,0,0,146,149.75,151.125,132.884615384615,138.909744822485,133.676793639053,143.96566396253,131.967354626832,139.161969448992,133.579844371467
2018 W46,"20",155,1,1,2,1,2,0,0,1,0,0,147.2,139.25,144.5,131.692307692308,136.252052514793,145.834485946746,153.867639370414,143.907792704154,138.892382096523,143.482742475799
2018 W47,"20",120,1,0,1,1,0,0,0,0,0,1,139,137.5,138.375,131.769230769231,139.982821745562,106.546024408284,119.152930053705,107.178782916351,142.086541845057,104.921893479129
2018 W48,"20",137,2,1,3,0,0,0,0,0,0,0,135,130,133.75,131.807692307692,112.65012943787,150.513332100592,135.77331999074,154.7621961683,114.513957222961,149.127788853088
2018 W49,"20",138,2,0,2,3,0,0,0,0,0,0,133.4,136.75,133.375,130.346153846154,133.357821745562,130.497947485207,136.968179968986,129.860503711023,136.22006111074,128.054995717172
2018 W50,"20",125,4,0,4,0,1,0,0,0,0,0,130.2,128.5,132.625,130.846153846154,141.667437130178,108.861409023669,124.125639731463,109.757435632206,142.872573231901,108.035794347874
2018 W51,"20",147,2,0,2,1,0,0,0,0,0,0,123.2,119.5,124,130.153846153846,135.223206360947,136.997947485207,145.917919525142,135.499365616091,135.536297292424,137.005381039215
2018 W52,"20",104,1,1,2,0,0,0,0,0,0,1,122.2,121.5,120.5,128.730769230769,103.292437130178,125.515255177515,102.982830851883,126.950534063019,104.4102821693,124.805999316459
2019 W01,"20",102,0,1,1,0,0,0,0,0,0,1,121.2,114.75,118.125,129.807692307692,101.080898668639,125.284485946746,100.985351244431,126.187182735875,100.275009847853,126.615874792027
2019 W02,"20",133,3,1,4,2,0,0,0,0,0,0,112.2,114.25,114.5,130.653846153846,112.940514053254,144.069101331361,131.814746798168,146.982793692577,111.770058649012,145.795429144989
2019 W03,"20",120,0,1,1,1,0,0,0,0,0,0,111.4,113.75,114,127.923076923077,117.877052514793,126.026793639053,118.985312464919,125.723688240922,122.020591255549,122.219499692572
2019 W04,"20",102,1,1,2,4,0,0,0,0,0,1,113.6,108.75,111.25,126.769230769231,106.977052514793,118.984485946746,101.03988623858,119.017178963764,107.499760360561,118.414933741681
2019 W05,"20",100,3,0,3,2,2,0,0,0,0,0,108.8,106,107.375,124.192307692308,125.807821745562,97.7114090236686,99.2085479009881,97.7595544606446,118.984889218367,104.604408037996
2019 W06,"20",113,1,0,1,0,0,0,0,0,0,0,110.2,112.25,109.125,122.884615384615,117.773206360947,118.063332100592,112.03938599127,117.99849963,119.82187447597,116.442025934513
2019 W07,"20",109,2,0,2,0,0,0,0,0,0,0,120,125,118.625,121.846153846154,114.880898668639,116.446024408284,108.047840954249,116.474686346575,111.62091460925,120.317588955353
2019 W08,"20",127,1,1,2,1,0,0,0,0,0,0,119.6,121.25,123.125,121.653846153846,120.030898668639,129.219101331361,125.940401000848,129.535977646293,117.273950471795,132.339156246929
2019 W09,"20",151,0,0,0,0,0,0,0,0,0,0,123.8,127.5,124.375,119.923076923077,118.494360207101,154.765255177515,149.721776628642,156.275097757807,119.335971000933,153.951738871913
2019 W10,"20",98,0,0,0,0,0,0,0,0,0,1,129.4,130,128.75,118.5,124.563590976331,95.3017936390532,97.2191397847889,95.1598304575564,127.454913126636,92.602483208381
2019 W11,"20",134,1,0,1,2,0,0,0,0,0,0,131,126,128,117.576923076923,129.196283284024,126.746024408284,132.973123522447,125.219687387732,133.716975922256,122.110106874934
2019 W12,"20",137,2,1,3,2,0,0,0,0,0,0,129.2,137,131.5,116.461538461538,128.130898668639,130.561409023669,135.924339850636,130.899565868805,129.291236890419,129.305532368943
2019 W13,"20",135,0,1,1,1,0,0,0,0,0,0,137.6,138.5,137.75,116,120.530898668639,135.247947485207,133.871381758455,136.313208961959,121.28990790613,135.076547815403
2019 W14,"20",142,1,0,1,0,1,0,0,0,0,0,131.2,129.75,134.125,115.461538461538,124.184744822485,138.411409023669,140.844326742524,139.369749954516,118.6980520405,144.438090143206
2019 W15,"20",140,3,2,5,1,0,0,0,0,0,0,124,121.25,125.5,113.807692307692,125.219360207101,135.665255177515,138.873309134881,136.199591887213,125.416495276431,135.489333369447
2019 W16,"20",102,1,0,1,3,0,0,0,0,0,1,119.4,113.75,117.5,112.961538461538,103.992437130178,118.603716715976,101.004175776992,120.092571201602,112.367497685471,110.308017422579
2019 W17,"20",101,2,2,4,0,1,0,0,0,0,0,113.2,106.5,110.125,113.076923076923,112.927052514793,108.303716715976,100.101894336891,107.979934726134,115.287657807917,106.157543762306
2019 W18,"20",112,2,0,2,1,0,0,0,0,0,0,110.8,113,109.75,112.423076923077,122.478975591716,109.597947485207,111.080355548888,110.428076014323,120.059620540691,112.155267491704
2019 W19,"20",111,1,0,1,0,1,0,0,0,0,0,113.4,116.5,114.75,112.269230769231,129.588590976331,101.065255177515,110.141261437929,102.751371792388,124.438239967833,106.546334526734
2019 W20,"20",128,0,2,2,4,0,0,0,0,0,0,111.6,111.5,114,112.461538461538,122.02512943787,125.186409023669,126.944766864991,125.795965460005,125.190088923548,122.574571387023
2019 W21,"20",115,2,0,2,3,0,0,0,0,0,0,109.4,109,110.25,113.076923076923,116.813590976331,117.446024408284,114.014345121096,117.548821760076,117.736767840299,116.807978286278
2019 W22,"20",92,0,1,1,2,0,0,0,0,0,1,107.4,102.25,105.625,112.384615384615,103.830898668639,107.284485946746,91.1087938375538,106.156364811385,100.47773511102,110.847096831561
2019 W23,"20",101,3,2,5,0,0,0,0,0,0,0,105.4,103,102.625,112.923076923077,106.463590976331,113.036409023669,100.052664069341,112.259307783121,106.081481023432,114.023436735154
2019 W24,"20",101,2,0,2,4,0,0,0,0,0,0,100.8,103,103,113.653846153846,108.107821745562,111.459485946746,100.062341534637,111.17563977305,107.370475434695,112.514528139896
2019 W25,"20",118,3,1,4,0,2,0,0,0,0,0,100,99.75,101.375,112.115384615385,106.059744822485,130.57487056213,116.884878017482,132.292067502994,108.859892745395,127.8051966452
2019 W26,"20",92,0,1,1,0,0,0,0,0,0,0,97.8,97,98.375,112.115384615385,101.886667899408,108.507562869822,91.1030546770758,106.19315154967,102.788502391549,107.656672815052
2019 W27,"20",88,0,1,1,2,0,0,0,0,0,1,97.2,92,94.5,111.730769230769,105.697244822485,100.773909023669,87.1693871857287,98.4036585061246,104.38549987948,101.839761143125
2019 W28,"20",90,2,0,2,0,1,0,0,0,0,0,94.6,95.25,93.625,111.346153846154,100.792437130178,107.447947485207,89.1108192235052,105.137077005355,100.956996102847,107.048350735763
2019 W29,"20",98,1,1,2,0,1,0,0,0,0,0,92.8,94,94.625,112.461538461538,100.521283284024,115.353716715976,97.0334190326542,113.935731525888,98.844407255235,116.94102539938
2019 W30,"20",105,1,1,2,0,0,0,0,0,0,0,97,98.75,96.375,113.769230769231,102.965514053254,119.832562869822,103.981635533399,119.961375772444,101.837823351604,120.559291599115
2019 W31,"20",83,2,0,2,0,1,0,0,0,0,0,101.8,102.75,100.75,115.576923076923,109.232821745562,91.6133321005917,82.2500536944814,88.3782876965013,107.770129669555,92.2386675772678
2019 W32,"20",109,1,0,1,1,0,0,0,0,0,0,110.8,112.25,107.5,115.961538461538,111.115514053254,115.778716715976,108.022613484347,115.228231427148,112.633269640282,112.987209902644
2019 W33,"20",114,0,2,2,0,1,0,0,0,0,0,116.4,124.75,118.5,116.153846153846,120.786667899408,111.097947485207,113.058563834494,110.980840279827,120.412276920148,109.819884918882
2019 W34,"20",143,1,1,2,0,0,0,0,0,0,0,122.2,125.5,125.125,117.384615384615,130.069360207101,130.690255177515,141.897848507029,129.788935907901,125.965366196575,132.87847793856
2019 W35,"20",133,1,0,1,1,1,0,0,1,0,0,131,135.25,130.375,117.5,130.857821745562,119.257562869822,131.973194661538,120.254702139066,127.845455774566,120.610070656673
2019 W36,"20",112,3,1,4,0,0,0,0,0,0,1,127.6,123.75,129.5,118.076923076923,125.659744822485,103.330639792899,111.112321789803,103.849815225632,122.950875241008,104.116333486334
2019 W37,"20",153,2,1,3,0,0,0,0,1,0,0,126,124.25,124,120.115384615385,131.234744822485,139.178716715976,151.8267122752,137.759773149338,129.761334211535,137.917556811912
2019 W38,"20",97,2,0,2,0,1,0,0,0,0,0,125.8,129.25,126.75,120.384615384615,126.653975591716,87.2498705621302,96.2260608578545,90.4764624058129,123.672055793538,87.618517526012
2019 W39,"20",135,5,0,5,1,1,0,0,0,0,0,129.4,123.5,126.375,120.730769230769,142.955898668639,107.746024408284,134.053972938537,109.457150294044,140.931095392634,107.97116022302
2019 W40,"20",132,5,2,7,1,0,0,0,1,0,0,125,132,127.75,121.692307692308,129.340514053254,116.919101331361,130.9801419458,116.528589019755,128.843231527229,116.650524589726
2019 W41,"20",130,1,1,2,0,1,0,0,1,0,0,132.6,132,132,122,126.123206360947,116.67487056213,128.977442123921,115.342561964215,126.48769589952,116.597560718735
2019 W42,"20",131,0,2,2,0,0,0,0,0,0,0,137.4,138.75,135.375,122.730769230769,125.248206360947,117.472947485207,129.942279662254,118.169736579529,125.805926832114,117.870830287442
2019 W43,"20",135,1,1,2,0,0,1,1,1,0,0,135.2,136.5,137.625,122.423076923077,122.994360207101,123.101793639053,133.901008296811,122.093751333129,123.220473020685,124.047784600172
2019 W44,"20",159,3,0,3,1,0,0,0,0,0,0,135.8,137,136.75,123.461538461538,141.071283284024,128.467178254438,157.857987950476,126.236255012791,142.027242200568,128.832515921589
2019 W45,"20",121,2,0,2,2,0,0,0,0,0,0,139,140,138.5,123.423076923077,121.313590976331,109.676793639053,119.998780825052,110.124482136873,122.392578135925,110.058680487532
2019 W46,"20",133,2,2,4,0,1,0,0,0,0,0,131,124,132,123.384615384615,118.473206360947,123.834485946746,131.870324970668,123.482170513887,121.504542089286,122.538217035473
2019 W47,"20",147,2,0,2,1,0,0,0,1,0,0,122.4,122.75,123.375,122.115384615385,122.078975591716,133.546024408284,145.791309467687,131.29400907253,126.881144838626,130.753114787433
2019 W48,"20",95,1,0,1,0,0,0,0,1,0,1,129,128,125.375,120.884615384615,94.8135909763314,108.513332100592,94.009324290681,107.31685135758,97.0026637353714,108.223096391988
2019 W49,"20",116,2,1,3,0,0,0,0,0,0,0,127.4,122.5,125.25,121.769230769231,115.703975591716,108.497947485207,114.991162989857,109.158104568686,119.585601482311,106.23165914635
2019 W50,"20",154,3,0,3,2,1,0,0,0,0,0,118.2,124,123.25,121.307692307692,124.205898668639,137.861409023669,152.748732030191,135.221160698878,126.29376579532,137.223842948522
2019 W51,"20",125,2,0,2,0,0,0,0,0,0,0,121.8,123.25,123.625,120.538461538462,117.67512943787,114.997947485207,123.929903813601,115.220548993275,117.759925771224,116.458031087799
2019 W52,"20",101,2,0,2,0,0,0,0,0,0,1,118.2,109.25,116.25,118.038461538462,86.0328217455621,122.515255177515,99.8536429199495,123.288499426586,88.4112164422502,121.507088531955
2020 W01,"20",113,2,0,2,2,0,0,0,0,0,1,110.8,107.25,108.25,115.153846153846,84.455898668639,136.284485946746,111.702477210356,139.795604403469,83.5302056198929,138.088447469494
2020 W02,"20",98,1,0,1,1,0,0,0,0,0,0,105.2,106.25,106.75,112.961538461538,96.805898668639,109.069101331361,96.9960314146753,108.303111141899,95.3608520391919,110.958149165376
2020 W03,"20",117,1,2,3,0,0,0,0,0,0,0,107,105.5,105.875,110.115384615385,101.905898668639,123.026793639053,115.864286682617,122.580596034899,104.889150733548,120.130198586202
2020 W04,"20",97,1,1,2,1,0,0,0,0,0,1,106,108,106.75,108.038461538462,90.7366678994083,113.984485946746,95.9492964057365,113.183003524363,91.2055278922279,113.514169542704
2020 W05,"20",110,2,3,5,1,1,0,0,0,0,0,109,107,107.5,104.769230769231,110.25012943787,107.711409023669,109.003946114152,107.535509906709,104.312104440643,113.10794110947
2020 W06,"20",108,2,1,3,1,1,0,0,0,0,0,107.6,110.25,108.625,103.653846153846,103.311667899408,113.063332100592,106.959378758201,112.77732708,103.481994178671,111.638399486623
2020 W07,"20",113,0,1,1,1,0,0,0,0,0,0,108.4,108,109.125,101.461538461538,100.909744822485,120.446024408284,111.885624756114,120.748986762963,96.2369042243622,123.583837556114
2020 W08,"20",110,0,0,0,1,0,0,0,0,0,0,113.4,114.75,111.375,99.5,105.607821745562,112.219101331361,108.959475863078,112.196516071592,101.379941870819,115.179668656578
2020 W09,"20",101,2,0,2,2,1,0,0,0,0,1,120,121.75,118.25,98.9230769230769,103.052052514793,104.765255177515,100.021428466002,104.52837664595,102.597211130069,104.701268144248
2020 W10,"20",135,0,3,3,1,0,0,0,0,0,0,112.8,113.5,117.625,98.3076923076923,109.063590976331,132.301793639053,133.767573473055,131.087521548675,111.371544279067,129.665803742171
2020 W11,"20",141,1,0,1,2,0,0,0,0,1,0,104.8,105.75,109.625,95.7692307692308,113.003975591716,133.746024408284,139.754032961316,131.761014340822,116.412573698827,130.363643069332
2020 W12,"20",77,1,1,2,1,0,0,0,0,1,0,96,86.25,96,94.4230769230769,111.544360207101,70.5614090236686,76.3000261604628,73.5712888459706,113.341688565604,69.1733969494753
2020 W13,"20",70,1,2,3,1,2,0,0,0,1,0,83.6,69.25,77.75,94.6538461538462,104.848206360947,70.2479474852071,69.327464226056,70.6809231654604,105.271157087301,69.9827971746989
2020 W14,"20",57,0,1,1,0,0,0,0,0,1,0,66.8,64.25,66.75,93.8846153846154,108.646283284024,53.4114090236686,56.4674907265198,55.9441954042776,103.787600652546,58.2052223563746
2020 W15,"20",73,3,1,4,1,1,0,0,0,1,1,67.6,67,65.625,93.9230769230769,109.488590976331,68.6652551775148,72.324624241295,71.0183586269041,109.539044128494,68.1926476273469
2020 W16,"20",57,0,0,0,0,0,0,0,0,1,0,68.4,71.25,69.125,93.0769230769231,88.328975591716,73.6037167159763,56.3604418888041,67.1105544950129,95.4464888188769,66.0240716838849
2020 W17,"20",81,0,2,2,1,0,0,0,0,1,0,75.4,76,73.625,92.6538461538462,97.0808986686391,88.3037167159763,80.1703971977599,86.5977694338301,98.8204410766171,86.3889881730653
2020 W18,"20",74,0,0,0,1,0,0,0,0,1,0,76,80.75,78.375,93.3076923076923,106.277052514793,71.5979474852071,73.2976037798642,72.9614073666065,104.732375339792,73.2569271720847
2020 W19,"20",92,2,1,3,2,0,0,0,0,1,0,83.8,84.5,82.625,93.3076923076923,113.540514053254,82.0652551775148,91.1780062078054,85.1632991432402,109.659949020649,86.1092267534229
2020 W20,"20",76,0,0,0,0,0,0,0,0,1,0,83.6,86,85.25,93.3076923076923,106.198206360947,73.1864090236686,75.2775389818494,74.6913544918779,108.714703777102,70.8343452591641
2020 W21,"20",96,1,1,2,3,1,0,0,0,1,0,88.8,88,87,92.5,100.332821745562,98.446024408284,95.0452538070812,98.1277120779768,101.406910579512,97.9220117189485
2020 W22,"20",80,1,1,2,0,3,0,0,0,1,1,88,91,89.5,91.7692307692308,87.1674371301775,95.2844859467456,79.098993169944,92.3098824446823,85.1829600937048,97.9258354669507
2020 W23,"20",100,0,2,2,0,0,0,0,0,1,0,90.8,89.5,90.25,91.0384615384615,90.5116678994083,112.036409023669,98.9161393092567,111.147829488239,89.9677144630394,112.920954359811
2020 W24,"20",88,4,0,4,1,0,0,0,0,1,0,93,96.25,92.875,88.8846153846154,91.7424371301775,98.4594859467456,87.0522105549054,96.8659039606775,91.5332926669497,99.1352494180951
2020 W25,"20",90,2,1,3,2,1,0,0,0,1,0,95.6,94.5,95.375,89.6923076923077,89.155898668639,102.57487056213,89.0081591811957,100.900729451436,91.8159199943861,100.632495352853
2020 W26,"20",107,2,1,2,0,0,0,0,0,1,0,95.4,97.25,95.875,92.1153846153846,84.9251294378698,123.507562869822,105.782372334443,123.507252345811,86.4470227990082,122.781265810426
2020 W27,"20",93,0,0,0,2,0,0,0,0,1,1,96.8,98.5,97.875,94.9230769230769,88.1010909763314,105.773909023669,91.969072857827,103.9947754667,89.1320893084446,105.876072563184
2020 W28,"20",99,0,1,1,1,1,0,0,0,1,0,96,93.25,95.875,97.5769230769231,83.0424371301775,116.447947485207,97.8491358138539,115.650784705891,84.9382205303055,116.152587323795
2020 W29,"20",95,2,1,3,3,0,0,0,0,1,0,100,101.75,97.5,99.0769230769231,83.0405140532544,112.353716715976,93.8998580679036,110.44790300979,83.7399455448314,113.433508291741
2020 W30,"20",86,1,0,1,0,0,0,0,0,1,0,103,104,102.875,100.307692307692,85.5232063609467,100.832562869822,85.0209423936738,98.2540792040971,86.7680162334268,101.488083585617
2020 W31,"20",127,2,1,3,2,2,0,0,0,1,0,105.8,108.5,106.25,102.384615384615,91.8578217455621,135.613332100592,125.654047226638,135.229428162116,92.9446229974978,136.394122804018
2020 W32,"20",108,1,0,1,1,1,0,0,0,0,0,104.6,109.25,108.875,103.615384615385,93.7885909763313,114.778716715976,106.864729559644,114.171091689284,98.0544958604486,112.366895923539
2020 W33,"20",113,0,0,0,0,0,0,0,0,0,0,103.8,98,103.625,104.807692307692,103.20012943787,110.097947485207,111.903196078013,110.007324137022,106.532647804252,108.971389962207
2020 W34,"20",89,4,1,5,1,2,0,0,0,0,0,101.6,100,99,105.346153846154,112.030898668639,76.6902551775148,88.1899639522232,80.7777293412808,113.4962868055,78.0903969434312
2020 W35,"20",82,1,0,1,2,0,0,0,0,0,0,97,93,96.5,106.038461538462,113.05012943787,68.2575628698225,81.2534113412099,74.1419968075442,115.303113701639,69.3662160297636
2020 W36,"20",116,1,0,1,1,0,0,0,0,0,0,94,95.25,94.125,106.923076923077,107.909744822485,107.330639792899,114.916179762757,107.558737197976,111.029898947844,107.72207676603
2020 W37,"20",85,2,0,2,0,2,0,0,0,0,1,102.8,108,101.625,107.807692307692,112.705898668639,71.1787167159763,84.2260352431214,76.5332073051877,119.181476322145,68.6531453742007
2020 W38,"20",98,2,0,2,0,0,0,0,0,0,0,112.4,111.5,109.75,108.923076923077,108.682821745562,88.2498705621302,97.0760464785833,91.4092094409244,112.806891407094,88.5189632497599
2020 W39,"20",133,1,1,2,0,0,0,0,1,0,0,117.6,125.75,118.625,107.730769230769,127.263590976331,105.746024408284,131.921748049249,107.835562882281,130.084918579211,106.732169038151
2020 W40,"20",130,1,1,2,4,0,0,0,0,0,0,119.8,125.25,125.5,107.230769230769,116.561667899408,114.919101331361,128.869115742741,114.763004337638,120.261099262697,114.047221315172
2020 W41,"20",142,2,0,2,3,0,0,0,0,0,0,122.8,120.25,122.75,106.923076923077,116.238590976331,128.67487056213,140.775771742583,125.989567683989,118.735174534012,128.064379004366
2020 W42,"20",96,0,0,0,0,0,0,0,0,0,0,121.8,119.75,120,107.653846153846,117.642437130178,82.4729474852071,95.1682528967802,86.5976695544641,117.181494935074,84.1092915638116
2020 W43,"20",113,0,0,0,1,0,0,0,1,0,0,120.6,115.25,117.5,108.038461538462,117.138590976331,101.101793639053,112.028918487612,102.196991856619,116.81584957074,101.966169888654
2020 W44,"20",128,1,0,1,1,0,0,0,0,0,0,113.6,118,116.625,107.884615384615,136.773206360947,97.4671782544379,127.043450799366,101.624154978851,134.650718304487,99.6225341154145
2020 W45,"20",124,3,1,4,0,1,0,0,0,0,0,116.4,117.25,117.625,107.769230769231,118.611667899408,112.676793639053,122.948117629987,112.854841198118,117.210742073791,113.553743306618
2020 W46,"20",107,3,2,5,0,0,0,0,0,0,0,113.4,109.75,113.5,106.807692307692,117.55012943787,97.8344859467456,106.083423431619,99.3427988344803,116.645104240352,97.6106141005649
2020 W47,"20",110,2,2,4,0,0,0,0,0,0,0,112.4,109.5,109.625,106.269230769231,122.655898668639,96.546024408284,109.100316048426,98.247217673322,125.144996897871,92.6019544035547
2020 W48,"20",98,1,2,3,0,1,0,0,0,0,1,109.8,110.5,110,106.692307692308,96.3135909763314,111.513332100592,96.9919975771259,110.705804558346,94.0539325908817,112.33654466952
2020 W49,"20",123,1,0,1,0,0,0,0,1,0,0,112.2,112.75,111.625,107.461538461538,117.723206360947,115.497947485207,121.949881873582,115.745231568521,118.607017474407,113.426985744971
2020 W50,"20",111,0,2,2,0,1,0,0,0,0,0,105.4,107.25,110,108.153846153846,126.811667899408,94.8614090236686,110.119346768418,97.4646028413991,126.246528896195,94.4310002821585
2020 W51,"20",119,1,0,1,0,1,0,0,1,0,0,101.8,96.5,101.875,109,121.261667899408,108.997947485207,118.014108018777,109.689962641598,117.390819704412,111.930235432918
2020 W52,"20",76,0,1,1,0,0,0,0,0,0,1,95.4,91.5,94,109.230769230769,89.8212832840237,97.5152551775148,75.1667466457562,92.7715441229756,90.736462238364,96.228118857942
2020 W53,"20",80,1,0,1,1,0,0,0,0,0,1,96,90.25,90.875,109.653846153846,88.3020525147929,103.284485946746,79.1130620165729,98.9703394006863,85.6413605617341,105.966746493548
2021 W01,"20",91,0,0,0,0,0,0,0,0,0,0,91.4,95.25,92.75,109.5,101.228975591716,102.069101331361,90.1044621832603,100.567174631763,99.0437646215273,104.207868392731
2021 W02,"20",114,1,0,1,2,1,0,0,0,0,0,100.8,106,100.625,110.307692307692,106.886667899408,120.026793639053,112.942220863646,119.437503828875,108.465839930238,118.429319042996
2021 W03,"20",96,0,0,0,1,0,0,0,0,0,1,105.8,109.5,107.75,111.269230769231,96.6116678994083,112.984485946746,95.0139087931781,112.016168436483,96.9570898800283,112.581595052182
2021 W04,"20",123,1,2,3,1,3,0,0,0,0,0,105.2,103,106.25,111,116.038590976331,120.711409023669,121.942907674843,120.244251986593,113.709897487357,123.47231340383
2021 W05,"20",105,1,0,1,0,0,0,0,0,0,0,97.4,97.75,100.375,112.153846153846,108.513590976331,110.063332100592,104.034622345987,109.64462355,110.792714513811,108.96436214043
2021 W06,"20",88,0,1,1,0,0,1,1,0,0,0,96.8,90.25,94,112.961538461538,106.361667899408,95.446024408284,87.1737411834492,94.0346091605373,105.669109518289,97.6628328990049
2021 W07,"20",75,2,0,2,0,0,9,1,0,0,1,99.4,98,94.125,113.692307692308,112.30012943787,77.2191013313609,74.3320106668511,76.4976245942674,111.776103925362,79.1307042549866
2021 W08,"20",93,2,3,5,1,1,0,0,0,0,0,99,101.75,99.875,114.230769230769,111.97512943787,96.7652551775148,92.1684069342961,96.248901268053,111.562634948059,97.9190389953432
2021 W09,"20",136,0,0,0,0,0,0,0,0,0,0,105.4,113,107.375,113.692307692308,119.313590976331,133.301793639053,134.867571884599,132.058540226813,121.853091007771,131.203448698685
2021 W10,"20",103,1,0,1,2,2,0,0,0,0,0,118.2,124.5,118.75,114.269230769231,124.840514053254,95.746024408284,102.181445810059,96.2509537383311,126.85541697105,93.7759884984599
2021 W11,"20",120,3,0,3,0,0,0,0,0,0,0,127.8,125.75,125.125,114.038461538462,125.534744822485,113.561409023669,119.037277440598,114.656554045668,126.064053385551,112.142217847013
2021 W12,"20",139,2,0,2,1,0,0,0,0,0,0,128.2,134.5,130.125,114.653846153846,119.771283284024,139.247947485207,137.830586415547,140.352118857128,118.65050789714,139.130629098477
2021 W13,"20",141,1,0,1,1,0,0,0,0,0,1,131,133.75,134.125,116.730769230769,124.261667899408,137.411409023669,139.853196782822,138.38827284216,119.647897741557,140.708105017114
2021 W14,"20",138,1,0,1,0,0,0,0,0,0,0,134.6,133.5,133.625,118.307692307692,125.402052514793,133.665255177515,136.891080622914,134.253883431682,124.428426417852,133.502442103874
2021 W15,"20",117,0,0,0,1,0,0,0,0,0,0,131,128.5,131,118.769230769231,104.771283284024,133.603716715976,115.865060816172,137.753243437132,109.754329045393,127.668679424052
2021 W16,"20",138,1,0,1,0,0,0,0,0,0,0,133.6,132.5,130.5,119.923076923077,114.667437130178,145.303716715976,136.790394811686,147.536940516896,115.941509956965,142.9736384602
2021 W17,"20",121,1,0,1,1,0,0,0,0,0,0,131.6,135.25,133.875,119.153846153846,124.844360207101,118.597947485207,120.025649198038,119.301760694046,123.975475168451,118.431813196433
2021 W18,"20",154,1,1,2,0,3,0,0,0,0,0,134,133,134.125,119.5,132.713590976331,144.065255177515,152.838920858705,142.555957261511,129.973581854059,145.925846458546
2021 W19,"20",128,1,0,1,0,0,0,0,0,0,0,128.8,130.75,131.875,121.153846153846,125.938590976331,125.186409023669,126.978306879513,125.795965460005,127.328256419167,123.063311841157
2021 W20,"20",129,0,1,1,1,0,0,0,0,0,0,126.4,119.5,125.125,123.846153846154,121.294360207101,131.446024408284,127.934389015238,131.859113104781,120.977218036816,130.906490171228
2021 W21,"20",112,0,1,1,0,0,0,0,0,0,0,120.8,119,119.25,126.153846153846,108.792437130178,127.284485946746,110.958437780227,129.233835422555,106.82797220217,128.547875953594
2021 W22,"20",109,1,1,2,0,1,0,0,0,0,1,117.8,115,117,126.153846153846,112.252052514793,121.036409023669,108.025242306144,121.15113414218,111.346545866612,121.521442236872
2021 W23,"20",126,4,0,4,0,0,0,0,0,0,0,110.4,110,112.5,128.576923076923,114.627052514793,136.459485946746,124.891212722048,138.694362489152,113.673078983528,136.687049067676
2021 W24,"20",113,2,0,2,1,0,0,0,0,0,0,114.8,116.25,113.125,130.653846153846,113.30012943787,125.57487056213,111.993553355135,126.686471422359,113.24701016554,124.605257833384
2021 W25,"20",92,1,1,2,0,0,0,0,0,0,0,119.4,117.75,117,131.192307692308,109.780898668639,108.507562869822,91.1591222962414,106.19315154967,109.245825947932,107.924141117388
2021 W26,"20",134,1,0,1,3,1,0,0,0,0,1,119.4,121,119.375,132.615384615385,113.716475591716,146.773909023669,132.815388734891,149.841934543417,114.129642850076,145.358023281641
2021 W27,"20",132,3,0,3,1,2,0,0,0,0,0,122,129.5,125.25,132.5,109.196283284024,149.447947485207,130.782407652225,154.201046274521,108.416050436165,149.389314761948
2021 W28,"20",126,0,2,2,2,1,0,0,0,0,0,124.2,121.75,125.625,133.192307692308,109.280898668639,143.353716715976,124.843216783727,146.488797676142,107.82697154282,144.29609272169
2021 W29,"20",126,2,0,2,3,2,0,0,0,0,0,120.2,117.25,119.5,133.115384615385,111.744360207101,140.832562869822,124.862718041902,143.953650926933,110.692824215996,141.747939114911
2021 W30,"20",103,3,0,3,0,0,0,0,0,0,0,120,118.5,117.875,134.384615384615,118.146283284024,111.613332100592,102.134785473255,109.674260635417,117.241709519468,112.516752877835
2021 W31,"20",114,0,2,2,1,0,0,0,0,0,0,123.8,123.25,120.875,133.576923076923,120.259744822485,120.778716715976,113.051358709347,120.513930116467,122.948474971209,118.12768649249
2021 W32,"20",131,0,1,1,2,0,0,0,0,0,0,129.2,135.75,129.5,133.807692307692,130.603975591716,128.097947485207,130.001341470553,127.530614707521,131.570114005775,126.823746524321
2021 W33,"20",145,2,0,2,0,0,0,0,0,0,0,135.8,141.25,138.5,134.5,140.973206360947,132.690255177515,143.977144216337,131.604165780738,139.08756882143,133.623990775063
2021 W34,"20",153,0,0,0,1,0,0,0,0,0,0,146.2,150,145.625,133.884615384615,143.088590976331,139.257562869822,151.930481410687,138.338115994564,140.624584716852,140.404673946038
2021 W35,"20",136,1,1,2,2,0,0,0,0,0,0,154.8,157.25,153.625,135.346153846154,138.130898668639,127.330639792899,135.025939684031,126.103347059696,136.869786876445,127.232098489246
2021 W36,"20",166,2,1,3,0,0,1,1,1,0,1,156.4,157.25,157.25,137.038461538462,143.311667899408,152.178716715976,164.845745555876,149.464851913661,146.498050326041,147.676461742452
2021 W37,"20",174,4,1,5,1,1,0,0,1,0,0,161.4,167.75,162.5,138.153846153846,139.682821745562,164.24987056213,172.75090724877,162.297984109396,137.816066082535,164.43107268876
2021 W38,"20",153,1,1,2,3,1,0,0,0,0,0,161.2,160,163.875,138.307692307692,157.359744822485,125.746024408284,152.046533925948,124.051436999917,153.409640728741,127.910124745357
2021 W39,"20",178,3,0,3,0,1,0,0,1,0,0,155,150.25,155.125,136.269230769231,144.994360207101,162.919101331361,176.790448388892,157.137036708458,144.920552816533,161.471839360367
2021 W40,"20",135,3,0,3,3,1,0,0,0,0,0,147.4,146,148.125,135.269230769231,143.286667899408,121.67487056213,134.078351828046,119.778814347454,143.181132892454,120.283885987247
2021 W41,"20",135,2,0,2,2,0,0,0,1,0,0,147.6,140,143,134.192307692308,143.709744822485,121.472947485207,134.064560959278,121.777972810965,138.515738588511,125.021906993993
2021 W42,"20",136,1,0,1,2,0,0,0,0,0,0,138.6,139.5,139.75,133.423076923077,141.763590976331,124.101793639053,135.052879642597,122.998149491152,139.502885073891,125.107387211415
2021 W43,"20",154,4,1,5,1,0,0,0,0,0,0,138.4,139.25,139.375,134.538461538462,160.157821745562,123.467178254438,153.056767124714,122.26656145893,154.048760729216,128.634138258892
2021 W44,"20",133,0,1,1,1,0,0,0,0,0,0,140.8,142,140.625,134.961538461538,141.02512943787,121.676793639053,132.066737674274,121.045918381853,138.425865491976,123.329660198934
2021 W45,"20",134,1,1,2,1,0,0,0,1,0,0,132.8,127.5,134.75,135.192307692308,138.752052514793,124.834485946746,133.03994188468,124.410607886172,136.593959835095,125.957180555274
2021 W46,"20",147,3,1,4,1,2,0,0,1,0,0,131.4,131,129.25,134.461538461538,142.867437130178,133.546024408284,145.985468686861,131.29400907253,148.196964824919,127.149790264909
2021 W47,"20",96,0,0,0,0,0,0,0,1,0,1,138.8,140,135.5,132.923076923077,115.736667899408,109.513332100592,95.1609554938143,108.446502424502,112.358606268906,111.783763520381
2021 W48,"20",147,1,0,1,1,2,0,0,0,0,0,140.4,138.75,139.375,132.615384615385,136.713590976331,139.497947485207,145.929432551895,138.329666996525,137.767665407462,137.170319081284
2021 W49,"20",170,1,1,2,0,0,0,0,0,0,0,130.2,138.75,138.75,130.615384615385,145.109744822485,153.861409023669,168.842608536806,149.2701124598,143.616483228344,154.117115959861
2021 W50,"20",142,1,2,3,0,0,0,0,0,0,0,127.2,122.25,130.5,129.884615384615,138.55012943787,131.997947485207,140.981777504655,130.89054365636,131.707578327756,137.821635559908
2021 W51,"20",96,0,0,0,1,0,0,0,0,0,1,119,106.25,114.25,128.692307692308,106.946283284024,117.515255177515,95.0877805935591,117.185108365864,107.897752494874,115.427076092249
2021 W52,"20",81,3,0,3,0,1,0,0,0,0,1,104.6,95.25,100.75,127.153846153846,105.071283284024,104.284485946746,80.219299068178,100.207468643195,100.296720164864,107.823723121718
2022 W01,"20",106,0,0,0,1,0,0,0,0,0,0,97.4,97.75,96.5,127.576923076923,116.488590976331,117.069101331361,105.081637654932,117.144181439196,113.480163008919,119.435894977122
2022 W02,"20",98,4,0,4,0,0,0,0,0,0,0,104.6,110.5,104.125,127.461538461538,120.752052514793,104.026793639053,97.1901303055546,102.674345396753,121.005296075752,103.706376609748
2022 W03,"20",106,2,1,3,0,1,0,0,0,0,1,113.4,115.25,112.875,125.692307692308,109.246283284024,122.984485946746,105.020171388727,123.684519315284,109.735756010131,122.626565861871
2022 W04,"20",132,2,0,2,0,0,0,0,0,0,0,119.6,125,120.125,125.307692307692,128.307821745562,129.711409023669,130.976008573451,129.042611888051,128.199131869851,129.813839188654
2022 W05,"20",125,1,0,1,1,1,0,0,0,0,0,125.2,130,127.5,125.538461538462,120.830898668639,130.063332100592,123.963182721301,130.52931375,121.396452280513,129.267167964494
2022 W06,"20",137,1,1,2,3,0,0,0,0,0,0,126.6,125.25,127.625,125.423076923077,118.044360207101,144.446024408284,135.833418275751,146.394789261291,116.595908339562,145.718361091947
2022 W07,"20",126,5,0,5,2,0,0,0,0,0,0,125.8,126,125.625,123.923076923077,123.146283284024,128.219101331361,124.97486846379,128.516009318369,121.906723337619,129.058195280393
2022 W08,"20",113,2,0,2,3,1,0,0,0,0,0,123.6,120.25,123.125,124.692307692308,121.590514053254,116.765255177515,112.067074531707,116.947589712796,118.50237995413,119.113187850384
2022 W09,"20",128,2,1,3,1,0,0,0,0,0,1,127.2,127.5,123.875,122.923076923077,127.967437130178,125.301793639053,127.007813889824,124.290390801706,128.548878392824,123.717338598192
2022 W10,"20",114,2,0,2,0,0,0,0,0,0,0,126.4,129.75,128.625,120.576923076923,132.234744822485,106.746024408284,113.147627411296,106.530181807473,131.75242036789,106.164445809629
2022 W11,"20",155,1,0,1,2,0,0,0,0,0,0,131.4,132.25,131,118.423076923077,130.573206360947,148.561409023669,153.806956073318,148.098048975655,131.480355651879,147.087159712142
2022 W12,"20",122,2,0,2,1,0,0,0,0,0,0,135,140.25,136.25,118.961538461538,123.146283284024,122.247947485207,121.001681431662,123.18675180266,122.963573475126,122.254591075398
2022 W13,"20",138,1,0,1,0,0,0,0,0,0,0,138.6,134.5,137.375,119.884615384615,126.165514053254,134.411409023669,136.895029846523,135.443841505093,124.661381758244,136.187226738108
2022 W14,"20",146,1,0,1,1,0,0,0,0,0,0,125.6,126.5,130.5,118.807692307692,126.248206360947,141.665255177515,144.834938197461,142.036717253808,126.690467794413,141.788584647766
2022 W15,"20",132,0,1,1,1,1,0,0,0,0,1,130,128,127.25,118.846153846154,105.155898668639,148.603716715976,130.723600471456,155.413915672661,109.819852857746,144.289643530262
2022 W16,"20",90,0,0,0,0,0,0,0,0,0,0,130.2,126.25,127.125,118.461538461538,114.302052514793,97.3037167159763,89.208756752052,96.2197438153667,117.205286921784,94.5346534120519
2022 W17,"20",144,2,0,2,1,3,0,0,0,0,0,127.2,126,126.125,117.653846153846,123.661667899408,141.597947485207,142.829132399726,141.978954875559,125.787140444254,139.58324383541
2022 W18,"20",139,5,0,5,1,1,0,0,0,0,0,122.4,130.5,128.25,116.423076923077,130.771283284024,129.065255177515,137.935167802825,128.670636749026,131.281637497285,128.719190728207
2022 W19,"20",131,0,2,2,3,1,0,0,0,0,0,127.6,123.5,127,115.384615384615,123.265514053254,128.186409023669,129.931156057025,128.744308400474,125.362064888556,126.269207282764
2022 W20,"20",108,0,0,0,3,1,0,0,0,0,0,119,114,118.75,116.423076923077,117.573206360947,110.446024408284,107.080200103099,110.393676087724,118.393614338952,109.868101778196
2022 W21,"20",116,0,0,0,0,0,0,0,0,0,0,113,108.5,111.25,117.615384615385,104.561667899408,131.284485946746,114.883157070551,133.849329544789,104.745017648721,131.147142414255
2022 W22,"20",101,1,0,1,0,0,0,0,0,0,1,104,103,105.75,117.923076923077,107.348206360947,113.036409023669,100.05968363326,112.259307783121,107.423355101525,113.099248907279
2022 W23,"20",109,1,1,2,2,2,0,0,0,0,0,104.4,101.5,102.25,118.769230769231,107.886667899408,119.459485946746,107.986180563179,119.981631042203,109.050481513726,119.216408979418
2022 W24,"20",86,1,0,1,1,2,0,0,0,0,0,102.2,102.5,102,117.269230769231,104.809744822485,98.5748705621302,85.1786295651179,96.4162525869282,106.455354932593,98.5558220448917
2022 W25,"20",110,1,0,1,0,0,0,0,0,0,0,97.6,94.75,98.625,117.730769230769,100.569360207101,126.507562869822,108.915498723676,126.97007250504,102.710402823436,126.045060638389
2022 W26,"20",105,4,0,4,0,0,0,0,0,0,0,95.6,98,96.375,116.730769230769,104.485706360947,117.773909023669,103.998688032645,117.41345617208,108.681489248967,114.818260697198
2022 W27,"20",78,0,0,0,2,1,1,1,0,0,1,97.6,94.5,96.25,116.192307692308,99.9078217455621,95.4479474852071,77.2235677830876,91.1188000713078,100.63952911473,95.6045073157756
2022 W28,"20",99,2,0,2,0,0,0,0,0,0,0,97.8,96,95.25,115.807692307692,100.059744822485,116.353716715976,98.0197176752723,115.098341031254,99.8510022289588,117.137320685887
2022 W29,"20",96,2,0,2,1,0,0,0,0,0,0,95.4,99.75,97.875,117.461538461538,102.609744822485,110.832562869822,95.0661033975749,109.678972134806,101.745918930661,111.986690468525
2022 W30,"20",111,3,1,4,0,0,0,0,0,0,0,101.8,102.5,101.125,116.576923076923,108.771283284024,119.613332100592,109.993116351545,118.192649810984,107.858364817482,120.618531066044
2022 W31,"20",93,3,1,4,1,1,0,0,0,0,0,112.6,116.75,109.625,115.923076923077,110.452052514793,99.7787167159763,92.1613635544112,98.3139956213282,113.353306749385,96.8678756184818
2022 W32,"20",110,1,0,1,0,0,0,0,0,0,0,122.2,125,120.875,114.923076923077,119.632821745562,107.097947485207,109.082617407439,107.086775708605,121.309716766084,105.655752086122
2022 W33,"20",153,1,1,2,1,0,0,0,0,0,0,127.2,135.75,130.375,115.807692307692,128.790514053254,140.690255177515,151.80782822616,138.86508527209,128.699454645689,141.137496401806
2022 W34,"20",144,2,2,4,0,0,0,0,0,0,0,135.8,142.25,139,114.961538461538,130.271283284024,130.257562869822,142.882675113871,130.20057975959,129.285126789934,131.423306452849
2022 W35,"20",136,3,0,3,0,1,0,0,0,0,0,137,133,137.625,114.961538461538,124.890514053254,127.330639792899,134.914970787275,126.103347059696,125.857386684227,126.722528753845
2022 W36,"20",136,2,0,4,1,1,0,0,1,0,1,133.2,130.5,131.75,114.923076923077,129.927052514793,122.178716715976,134.945331205335,122.4531316883,136.770977030432,115.680420602929
2022 W37,"20",116,0,0,0,0,0,0,0,1,0,0,126.8,124.5,127.5,115.615384615385,125.740514053254,106.24987056213,115.067175641915,108.198656072931,125.998803473978,106.324076354671
2022 W38,"20",134,2,0,2,2,1,2,1,1,0,0,126,123.5,124,115.307692307692,142.936667899408,106.746024408284,133.060824446416,108.646356588162,140.12513560978,110.069226414157
2022 W39,"20",112,3,0,3,1,0,0,0,0,0,0,123.2,125,124.25,114.884615384615,130.580898668639,96.919101331361,111.143958942004,98.8727421985804,133.187877089281,94.8779671299453
2022 W40,"20",132,2,0,2,1,0,0,0,1,0,0,126.6,124.75,124.875,115.846153846154,128.334744822485,118.67487056213,130.981675901394,117.117062917511,131.452059957211,116.485266457303
2022 W41,"20",122,4,1,5,2,0,0,0,0,0,0,124,127,125.875,116.153846153846,127.805898668639,108.472947485207,121.036994082784,110.051205058798,123.892179123623,113.91662948618
2022 W42,"20",133,4,0,4,0,1,0,0,1,0,0,126,124.5,125.75,116.307692307692,126.253975591716,121.101793639053,131.94815140656,120.284955017083,126.449345634077,122.230945171014
2022 W43,"20",121,3,0,3,2,1,0,0,0,0,0,120.6,120.25,122.375,117.115384615385,145.340514053254,90.4671782544379,120.163239134308,96.066584003445,138.019775657882,98.6283865193176
2022 W44,"20",122,1,0,2,2,0,0,0,1,0,0,122.4,119.75,120,117.730769230769,126.102052514793,110.676793639053,121.03262137977,111.034601823955,124.527508861,113.088524688307
2022 W45,"20",105,0,0,0,0,2,0,0,0,0,0,114.6,113,116.375,117.384615384615,123.934744822485,95.8344859467456,104.15059181423,97.4859240899106,122.296705468609,98.2871994528072
2022 W46,"20",131,2,0,2,0,0,1,1,1,0,0,110.6,107.75,110.375,116.730769230769,128.377052514793,117.546024408284,129.981897214934,117.003504683683,137.870192878669,108.681583414855
2022 W47,"20",94,0,1,1,1,0,0,0,0,0,1,107.8,108.5,108.125,115.346153846154,101.448206360947,107.513332100592,93.0763241192516,106.187200290659,98.3043765316167,111.215271134015
2022 W48,"20",101,1,2,3,0,0,0,0,0,0,0,107.6,101.75,105.125,114,122.463590976331,93.4979474852071,100.173264087293,95.0428324261837,125.589246383189,90.8982726545518
2022 W49,"20",108,3,0,3,0,2,0,0,0,0,0,101.8,103.75,102.75,113.730769230769,131.167437130178,91.8614090236686,107.175594404734,94.8304243862261,130.667149764302,92.7882406455468
2022 W50,"20",104,2,0,2,2,0,0,0,0,0,0,101.8,102,102.875,114.192307692308,125.252052514793,93.9979474852071,103.168212609437,95.8634967624046,116.724828316046,102.69843346591
2022 W51,"20",102,0,2,4,1,0,1,1,0,0,1,102.2,100.75,101.375,113.538461538462,93.8693602071006,123.515255177515,100.920920460464,124.50917763873,96.7790712371151,120.61206191695
2022 W52,"20",94,2,1,3,1,0,0,0,0,0,1,102,101.5,101.125,114,92.0520525147929,117.284485946746,92.9917319320747,116.290148795806,87.85028783269,121.508716693483
2023 W01,"20",103,2,0,3,2,0,0,0,0,0,0,101.2,101,101.25,113.115384615385,104.498206360947,114.069101331361,102.015043420577,113.82878007771,101.64970070718,116.788699126255
2023 W02,"20",107,0,0,0,1,1,0,0,0,0,0,107.2,110.5,105.75,112,109.540514053254,113.026793639053,106.029971154876,112.103622014822,109.13198755722,113.385807583477
2023 W03,"20",100,0,1,1,0,0,0,0,0,0,1,110.2,112,111.25,112.153846153846,98.3905140532544,116.984485946746,98.9886586453911,116.683508788004,98.9533566968423,116.643833751116
2023 W04,"20",132,1,0,1,0,0,0,0,0,0,0,109.8,110.5,111.25,113.038461538462,117.557821745562,129.711409023669,130.880511208178,129.042611888051,119.056829268847,128.619756486374
2023 W05,"20",109,3,1,4,0,0,0,0,0,0,0,115.6,119.5,115,113.576923076923,110.532821745562,114.063332100592,108.015351654853,113.82156159,111.435957863211,113.320023199271
2023 W06,"20",101,1,1,2,0,0,0,0,0,0,0,117.2,113.5,116.5,114.653846153846,108.765514053254,108.446024408284,100.071296302049,107.926085513799,107.472255915536,109.363120454208
2023 W07,"20",136,1,0,3,0,0,1,1,0,0,0,111,111.5,112.5,114.307692307692,113.877052514793,138.219101331361,134.805165477046,138.715692597605,113.08445349588,138.830318181125
2023 W08,"20",108,0,1,1,1,2,0,0,0,0,1,115,118.5,115,114.769230769231,111.85012943787,111.765255177515,107.033234910964,111.77291760161,109.093495039133,114.900671945134
2023 W09,"20",101,1,2,3,0,0,0,0,0,0,0,120.4,116.5,117.5,115.153846153846,118.053975591716,98.3017936390532,100.149822439346,98.0728864919714,120.278305301872,96.7952569896569
2023 W10,"20",129,1,0,2,0,1,0,0,0,0,0,116.6,118.75,117.625,115.076923076923,122.686667899408,121.746024408284,127.955691766494,120.547310992667,123.124581740001,122.02837585879
2023 W11,"20",128,2,0,4,1,0,0,0,0,0,0,119.8,124.5,121.625,115.384615384615,122.178975591716,121.561409023669,126.943321946598,122.30032431538,124.616710605074,119.673761512389
2023 W12,"20",117,2,0,2,0,0,0,0,0,0,0,121.4,119.5,122,115.230769230769,115.665514053254,117.247947485207,115.980807639892,118.138114433698,116.336031787677,117.09195484846
2023 W13,"20",124,1,0,1,2,1,0,0,0,0,0,114.2,110.75,115.125,115.923076923077,119.703975591716,120.411409023669,122.951877373225,121.703161932113,119.254922731561,121.310578423249
2023 W14,"20",109,2,0,2,0,0,0,0,0,0,1,116,115.75,113.25,115.615384615385,120.603975591716,104.665255177515,108.087969275062,106.041110826473,121.131771427852,104.57124424563
2023 W15,"20",93,2,1,3,1,0,1,1,0,0,0,121.4,120.75,118.25,114.653846153846,99.7135909763314,109.603716715976,92.0586425181888,109.496167860284,104.53522889149,105.305301300666
2023 W16,"20",137,2,1,5,1,0,0,0,0,0,0,123.8,127.5,124.125,114.384615384615,108.984744822485,144.303716715976,135.740478373223,146.46783225228,112.780090703927,141.197954006903
2023 W17,"20",144,1,0,1,2,0,0,0,0,0,0,128.6,137.5,132.5,113.269230769231,118.70012943787,141.597947485207,142.779180545096,141.978954875559,122.694718946764,138.420840282738
2023 W18,"20",136,2,0,2,3,1,0,0,0,0,0,134.4,133.75,135.625,114.269230769231,126.348206360947,126.065255177515,134.918565164348,125.893572646529,128.740993214445,124.51208053373
2023 W19,"20",133,3,2,5,1,0,0,0,0,0,0,128.2,124.25,129,115.461538461538,119.534744822485,130.186409023669,131.880152688234,130.709870360786,122.34660052824,128.043987738609
2023 W20,"20",122,0,1,1,0,0,0,0,0,0,0,121.6,118,121.125,114.807692307692,114.948206360947,124.446024408284,120.937733425098,124.703967432429,115.704606052006,123.823496733516
2023 W21,"20",106,0,0,0,2,0,0,0,0,0,0,115.6,111.25,114.625,115.576923076923,102.609744822485,121.284485946746,104.962539613337,122.310594239204,103.264906086363,120.407432803112
2023 W22,"20",111,1,0,1,3,0,0,0,0,0,1,111.4,108.75,110,116.5,106.386667899408,123.036409023669,109.958192153611,123.374090731945,105.80335752701,123.013217466419
2023 W23,"20",106,1,1,2,1,0,0,0,0,0,0,106.6,106.75,107.75,117.5,108.598206360947,116.459485946746,105.019976096843,116.679384316271,108.037129955702,115.92368114168
2023 W24,"20",112,0,0,0,0,0,0,0,0,0,0,107.8,107,106.875,117.538461538462,106.636667899408,124.57487056213,110.946701352682,125.565352206232,104.9969647423,125.108082459035
2023 W25,"20",98,3,0,4,0,1,0,0,0,0,0,104.6,104.25,105.625,118.384615384615,102.80012943787,114.507562869822,97.0518734401769,113.118791868126,102.110926959366,114.138356345922
2023 W26,"20",112,0,4,4,4,0,0,0,0,0,0,99.8,96.75,100.5,118.538461538462,106.572244822485,124.773909023669,110.950606987483,125.241019916886,109.289701116989,121.103818292253
2023 W27,"20",95,3,0,3,0,0,0,0,0,0,1,96,95.5,96.125,119.423076923077,NA,112.447947485207,NA,110.978025727875,100.732399194106,112.805356319089
2023 W28,"20",82,2,0,2,0,0,0,0,0,0,0,97,93.25,94.375,120.730769230769,NA,99.3537167159763,NA,95.3339794400289,100.534632099358,100.14735951779
2023 W29,"20",93,0,1,1,0,0,0,0,0,0,0,101.6,103.25,98.25,120.269230769231,NA,107.832562869822,NA,106.251504255593,102.710746383055,109.115481338047
2023 W30,"20",103,1,0,2,0,0,0,0,0,0,0,109,115.75,109.5,119.730769230769,NA,111.613332100592,NA,109.674260635417,109.259389786859,112.711074038197
2023 W31,"20",135,3,0,3,0,0,0,0,0,0,0,116.4,122.25,119,119.307692307692,NA,141.778716715976,NA,142.713864611605,115.149371813265,138.958592204886
2023 W32,"20",132,1,1,2,3,0,0,0,0,0,0,123.4,128.5,125.375,119.346153846154,NA,129.097947485207,NA,128.504130850326,123.587452041157,127.658012170089
2023 W33,"20",119,1,0,1,0,0,0,0,0,0,0,127.8,126,127.25,121.269230769231,NA,106.690255177515,NA,108.006177433847,131.628074827217,106.754889577125
2023 W34,"20",128,5,0,6,0,1,0,0,0,0,0,131.8,131.75,128.875,121.230769230769,NA,114.257562869822,NA,115.733848675191,132.432157776132,115.088306821304
2023 W35,"20",125,1,0,1,3,1,0,0,0,0,0,131.2,134.25,133,122.538461538462,NA,116.330639792899,NA,115.90381163575,129.247375570677,115.410589219855
2023 W36,"20",155,5,0,5,0,0,1,1,1,0,1,135.2,137,135.625,123.461538461538,NA,141.178716715976,NA,139.560554497695,140.952510125453,133.842954858174
2023 W37,"20",129,0,2,2,1,3,0,0,0,0,0,135.2,137.75,137.375,122.923076923077,NA,119.24987056213,NA,120.32436752938,130.020660312691,118.912304864031
2023 W38,"20",139,3,0,3,0,0,0,0,1,0,0,136.6,132,134.875,123.692307692308,NA,111.746024408284,NA,112.700325117571,143.551784731382,115.518680638436
2023 W39,"20",128,4,4,8,1,1,0,0,0,0,0,131,131.5,131.75,122.538461538462,NA,112.919101331361,NA,112.99741965552,137.344204153821,110.863761409092
2023 W40,"20",132,2,1,3,1,0,0,0,0,0,0,130.2,128,129.75,NA,NA,118.67487056213,NA,117.117062917511,135.907217670905,116.438248085103
2023 W41,"20",127,1,0,1,2,0,0,0,1,0,0,128.4,128.5,128.25,NA,NA,113.472947485207,NA,114.561500348093,127.951640115364,119.522642152891
2023 W42,"20",125,2,1,3,0,0,0,0,1,0,0,127.8,126.75,127.625,NA,NA,113.101793639053,NA,113.049769752897,131.268234998486,114.334863782017
2023 W43,"20",130,1,0,1,1,0,0,0,0,0,0,128.2,128.5,127.625,NA,NA,99.4671782544379,NA,103.212032400396,141.751700514368,108.980214778381
2023 W44,"20",125,1,0,2,0,1,0,0,0,0,0,137.2,140.25,134.375,NA,NA,113.676793639053,NA,113.7649608852,129.406481779309,116.454250025687
2023 W45,"20",134,2,2,4,0,0,0,0,1,0,0,133.2,134,137.125,NA,NA,124.834485946746,NA,124.410607886172,127.051481107209,127.938067210035
2023 W46,"20",172,1,2,3,1,2,0,0,1,0,0,136.2,139,136.5,NA,NA,158.546024408284,NA,153.622922180104,144.245588675874,148.872776153617
2023 W47,"20",105,1,0,1,0,0,0,0,1,0,1,137.2,138,138.5,NA,NA,118.513332100592,NA,118.613362026799,103.416999468691,122.830181873047
2023 W48,"20",145,2,0,2,2,4,0,0,0,0,0,130,119.5,128.75,NA,NA,137.497947485207,NA,136.447630710858,131.426221130372,134.949776723613
2023 W49,"20",130,2,0,2,1,0,0,0,0,0,0,119.2,122.75,121.125,NA,NA,113.861409023669,NA,114.147733057494,136.207724027333,115.2970903389
2023 W50,"20",98,0,0,0,1,0,0,0,0,0,0,114.6,107,114.875,NA,NA,87.9979474852071,NA,90.3329104107274,121.687986880598,97.9456439978807
2023 W51,"20",118,1,0,1,0,1,0,0,0,0,0,NA,NA,NA,NA,NA,139.515255177515,NA,144.040029033041,103.46011708133,136.298069435142
2023 W52,"20",82,0,0,0,2,1,0,0,0,0,1,NA,NA,NA,NA,NA,105.284485946746,NA,101.444597885703,93.658151400122,110.224590754343
