"","Date","Cases","Deaths","DailyCases","Cases_ma","DailyDeaths","Deaths_ma"
"1",2020-03-09,1,0,1,NA,0,NA
"2",2020-03-10,6,0,5,NA,0,NA
"3",2020-03-11,13,0,7,NA,0,NA
"4",2020-03-12,14,0,1,14.7142857142857,0,0.285714285714286
"5",2020-03-13,36,0,22,19.4285714285714,0,0.428571428571429
"6",2020-03-14,77,1,41,27.1428571428571,1,0.714285714285714
"7",2020-03-15,103,2,26,38.1428571428572,1,1
"8",2020-03-16,137,3,34,54,1,1.42857142857143
"9",2020-03-17,196,5,59,71.5714285714286,2,1.42857142857143
"10",2020-03-18,280,7,84,98,2,2.14285714285714
"11",2020-03-19,392,10,112,104.857142857143,3,2.57142857142857
"12",2020-03-20,537,10,145,147.857142857143,0,4.42857142857143
"13",2020-03-21,763,16,226,170.285714285714,6,5.85714285714286
"14",2020-03-22,837,20,74,216.428571428571,4,8.28571428571428
"15",2020-03-23,1172,34,335,273.285714285714,14,10.4285714285714
"16",2020-03-24,1388,46,216,315.571428571428,12,15.5714285714286
"17",2020-03-25,1795,65,407,364.571428571428,19,17.2857142857143
"18",2020-03-26,2305,83,510,386,18,19
"19",2020-03-27,2746,119,441,407.428571428571,36,21.7142857142857
"20",2020-03-28,3315,137,569,549.857142857143,18,27.7142857142857
"21",2020-03-29,3539,153,224,661.285714285714,16,30
"22",2020-03-30,4024,186,485,978.142857142857,33,32.4285714285714
"23",2020-03-31,5237,240,1213,1079,54,35.8571428571429
"24",2020-04-01,6424,275,1187,1312.14285714286,35,39.2857142857143
"25",2020-04-02,9152,310,2728,1353.57142857143,35,46.2857142857143
"26",2020-04-03,10299,370,1147,1549,60,46.5714285714286
"27",2020-04-04,12500,412,2201,1578.14285714286,42,48.8571428571429
"28",2020-04-05,13014,477,514,1515.14285714286,65,53.8571428571429
"29",2020-04-06,14867,512,1853,1304.42857142857,35,56
"30",2020-04-07,16284,582,1417,1279.14285714286,70,55
"31",2020-04-08,17030,652,746,1073.42857142857,70,56.2857142857143
"32",2020-04-09,18283,702,1253,1083,50,51.8571428571429
"33",2020-04-10,19253,755,970,878.428571428571,53,53.1428571428571
"34",2020-04-11,20014,806,761,747.714285714286,51,61.5714285714286
"35",2020-04-12,20595,840,581,703,34,64.4285714285714
"36",2020-04-13,21016,884,421,607,44,64.8571428571428
"37",2020-04-14,21518,1013,502,552.142857142857,129,65.4285714285714
"38",2020-04-15,21951,1103,433,509.428571428571,90,65.8571428571428
"39",2020-04-16,22532,1156,581,476.142857142857,53,65.1428571428571
"40",2020-04-17,23118,1213,586,501,57,63.4285714285714
"41",2020-04-18,23580,1267,462,476.571428571429,54,56
"42",2020-04-19,23928,1296,348,480.857142857143,29,61.2857142857143
"43",2020-04-20,24523,1328,595,466.571428571429,32,63.2857142857143
"44",2020-04-21,24854,1405,331,440.142857142857,77,63.8571428571429
"45",2020-04-22,25317,1532,463,427.285714285714,127,62.2857142857143
"46",2020-04-23,25798,1599,481,414.857142857143,67,61.8571428571428
"47",2020-04-24,26199,1660,401,369.714285714286,61,58.8571428571428
"48",2020-04-25,26571,1703,372,353.571428571429,43,56.5714285714286
"49",2020-04-26,26832,1729,261,340.857142857143,26,44.7142857142857
"50",2020-04-27,27111,1740,279,320.857142857143,11,43.7142857142857
"51",2020-04-28,27329,1801,218,365,61,44.2857142857143
"52",2020-04-29,27703,1845,374,373.142857142857,44,41.4285714285714
"53",2020-04-30,28044,1905,341,364.428571428571,60,40.4285714285714
"54",2020-05-01,28754,1970,710,376.428571428571,65,46.2857142857143
"55",2020-05-02,29183,1993,429,391.428571428571,23,44.8571428571429
"56",2020-05-03,29383,2012,200,395.571428571428,19,46
"57",2020-05-04,29746,2064,363,383,52,43.2857142857143
"58",2020-05-05,30069,2115,323,310.571428571429,51,36.7142857142857
"59",2020-05-06,30472,2167,403,329.571428571429,52,39.1428571428571
"60",2020-05-07,30725,2208,253,327.142857142857,41,39.1428571428571
"61",2020-05-08,30928,2227,203,305,19,34.8571428571429
"62",2020-05-09,31490,2267,562,292.428571428571,40,33.1428571428571
"63",2020-05-10,31673,2286,183,322.285714285714,19,30.5714285714286
"64",2020-05-11,31881,2308,208,404.285714285714,22,29.8571428571429
"65",2020-05-12,32116,2347,235,425,39,31.5714285714286
"66",2020-05-13,32728,2381,612,384.714285714286,34,30.2857142857143
"67",2020-05-14,33555,2417,827,403.571428571429,36,29.2857142857143
"68",2020-05-15,33903,2448,348,421.571428571429,31,36.4285714285714
"69",2020-05-16,34183,2479,280,435,31,33.4285714285714
"70",2020-05-17,34498,2491,315,387.285714285714,12,32.4285714285714
"71",2020-05-18,34832,2563,334,438.857142857143,72,30.2857142857143
"72",2020-05-19,35161,2581,329,449.285714285714,18,31.5714285714286
"73",2020-05-20,35439,2608,278,426,27,29.1428571428571
"74",2020-05-21,36627,2629,1188,399.285714285714,21,28.4285714285714
"75",2020-05-22,37048,2669,421,440.571428571428,40,18.1428571428571
"76",2020-05-23,37165,2683,117,441.571428571429,14,17.1428571428571
"77",2020-05-24,37293,2690,128,465,7,16.2857142857143
"78",2020-05-25,37916,2690,623,325.714285714286,0,15.8571428571429
"79",2020-05-26,38252,2701,336,265.571428571429,11,13.8571428571429
"80",2020-05-27,38694,2722,442,359.571428571429,21,14.5714285714286
"81",2020-05-28,38907,2740,213,389.714285714286,18,14.4285714285714
"82",2020-05-29,38907,2766,0,362.285714285714,26,15.8571428571429
"83",2020-05-30,39682,2785,775,372.142857142857,19,19.1428571428571
"84",2020-05-31,40021,2791,339,364.285714285714,6,21.1428571428571
"85",2020-06-01,40452,2801,431,395.142857142857,10,20.4285714285714
"86",2020-06-02,40857,2835,405,456.142857142857,34,20.8571428571429
"87",2020-06-03,41244,2870,387,416.428571428571,35,20
"88",2020-06-04,41673,2883,429,415.142857142857,13,20.7142857142857
"89",2020-06-05,42100,2912,427,387.285714285714,29,20.4285714285714
"90",2020-06-06,42597,2925,497,409.714285714286,13,17.4285714285714
"91",2020-06-07,42927,2936,330,414.142857142857,11,14
"92",2020-06-08,43163,2944,236,416,8,14.8571428571429
"93",2020-06-09,43725,2957,562,429.714285714286,13,12
"94",2020-06-10,44143,2968,418,542.714285714286,11,11.2857142857143
"95",2020-06-11,44585,2987,442,543.571428571429,19,11.1428571428571
"96",2020-06-12,45108,2996,523,588.714285714286,9,10.5714285714286
"97",2020-06-13,46396,3004,1288,584.714285714286,8,12.1428571428571
"98",2020-06-14,46732,3014,336,657.571428571428,10,13.4285714285714
"99",2020-06-15,47284,3018,552,703,4,11.7142857142857
"100",2020-06-16,47818,3042,534,502.714285714286,24,12.5714285714286
"101",2020-06-17,48746,3062,928,443,20,14.2857142857143
"102",2020-06-18,49506,3069,760,451.142857142857,7,13
"103",2020-06-19,48627,3084,-879,438.285714285714,15,14.1428571428571
"104",2020-06-20,49497,3104,870,555.714285714286,20,13.1428571428571
"105",2020-06-21,49890,3105,393,549.142857142857,1,12.8571428571429
"106",2020-06-22,50352,3117,462,574.571428571429,12,13.5714285714286
"107",2020-06-23,51708,3134,1356,893.571428571428,17,15.1428571428571
"108",2020-06-24,52590,3152,882,769.285714285714,18,12.2857142857143
"109",2020-06-25,53528,3164,938,922.714285714286,12,13.4285714285714
"110",2020-06-26,54882,3190,1354,976.714285714286,26,11.7142857142857
"111",2020-06-27,54882,3190,0,927.857142857143,0,12.4285714285714
"112",2020-06-28,56349,3199,1467,1099.42857142857,9,12.2857142857143
"113",2020-06-29,57189,3199,840,1163,0,13
"114",2020-06-30,58203,3221,1014,1216.42857142857,22,12.5714285714286
"115",2020-07-01,60286,3238,2083,1216.42857142857,17,12.5714285714286
"116",2020-07-02,61669,3255,1383,1283.57142857143,17,12.7142857142857
"117",2020-07-03,63397,3278,1728,1320.85714285714,23,13.8571428571429
"118",2020-07-04,63397,3278,0,1452.57142857143,0,14
"119",2020-07-05,65334,3288,1937,1424.71428571429,10,14.4285714285714
"120",2020-07-06,66435,3296,1101,1490.42857142857,8,14.2857142857143
"121",2020-07-07,68371,3319,1936,1621,23,14.5714285714286
"122",2020-07-08,70259,3339,1888,1930.57142857143,20,17.8571428571429
"123",2020-07-09,72102,3355,1843,1842.28571428571,16,18.2857142857143
"124",2020-07-10,74744,3380,2642,1928.57142857143,25,18.1428571428571
"125",2020-07-11,76911,3403,2167,1968.42857142857,23,18
"126",2020-07-12,78230,3416,1319,1997.42857142857,13,17.4285714285714
"127",2020-07-13,79935,3423,1705,2059.85714285714,7,18.5714285714286
"128",2020-07-14,82150,3445,2215,1993.71428571429,22,18.4285714285714
"129",2020-07-15,84241,3461,2091,1684.14285714286,16,15.1428571428571
"130",2020-07-16,86521,3485,2280,1940.85714285714,24,18.1428571428571
"131",2020-07-17,88700,3509,2179,2152.42857142857,24,21.2857142857143
"132",2020-07-18,88700,3509,0,2077.57142857143,0,23.2857142857143
"133",2020-07-19,91816,3543,3116,2175,34,29.8571428571429
"134",2020-07-20,95002,3572,3186,2177.28571428571,29,28.7142857142857
"135",2020-07-21,96693,3608,1691,2163.71428571429,36,29.4285714285714
"136",2020-07-22,99466,3670,2773,2163.71428571429,62,29.4285714285714
"137",2020-07-23,101762,3686,2296,2267.14285714286,16,31.4285714285714
"138",2020-07-24,103846,3715,2084,2146.71428571429,29,30.5714285714286
"139",2020-07-25,103846,3715,0,2065.28571428571,0,29.1428571428571
"140",2020-07-26,107686,3763,3840,1917.28571428571,48,30.4285714285714
"141",2020-07-27,110029,3786,2343,1833.28571428571,23,34.1428571428571
"142",2020-07-28,111150,3812,1121,1792.57142857143,26,33.4285714285714
"143",2020-07-29,112887,3883,1737,1792.57142857143,71,33.4285714285714
"144",2020-07-30,114595,3925,1708,1739.28571428571,42,34.8571428571429
"145",2020-07-31,116394,3949,1799,1561.57142857143,24,34
"146",2020-08-01,116394,3949,0,1917.85714285714,0,34.1428571428571
"147",2020-08-02,119861,4007,3467,1882,58,30.4285714285714
"148",2020-08-03,120960,4024,1099,1824.14285714286,17,31.5714285714286
"149",2020-08-04,124575,4051,3615,1781.42857142857,27,36.8571428571429
"150",2020-08-05,126061,4096,1486,1781.42857142857,45,36.8571428571429
"151",2020-08-06,127364,4146,1303,1665.14285714286,50,36.5714285714286
"152",2020-08-07,128864,4207,1500,1588.42857142857,61,37.5714285714286
"153",2020-08-08,128864,4207,0,1238.28571428571,0,37.4285714285714
"154",2020-08-09,131517,4263,2653,1195.14285714286,56,37.8571428571429
"155",2020-08-10,132079,4287,562,1171.14285714286,24,36.5714285714286
"156",2020-08-11,133243,4313,1164,1142.28571428571,26,31.8571428571429
"157",2020-08-12,134427,4361,1184,1142.28571428571,48,31.8571428571429
"158",2020-08-13,135562,4402,1135,932,41,34.8571428571429
"159",2020-08-14,136860,4430,1298,932.714285714286,28,34.1428571428571
"160",2020-08-15,136860,4430,0,857.857142857143,0,34.4285714285714
"161",2020-08-16,138041,4507,1181,802.428571428571,77,35.4285714285714
"162",2020-08-17,138608,4526,567,771.428571428571,19,33.5714285714286
"163",2020-08-18,139248,4554,640,714.428571428571,28,36.7142857142857
"164",2020-08-19,140044,4609,796,714.428571428571,55,36.7142857142857
"165",2020-08-20,140962,4637,918,720.428571428571,28,34.1428571428571
"166",2020-08-21,141861,4687,899,728.428571428571,50,34
"167",2020-08-22,141861,4687,0,715.571428571428,0,34.7142857142857
"168",2020-08-23,143084,4746,1223,802.428571428571,59,34.5714285714286
"169",2020-08-24,143707,4764,623,768,18,33.8571428571429
"170",2020-08-25,144257,4797,550,726.142857142857,33,31
"171",2020-08-26,145661,4851,1404,726.142857142857,54,31
"172",2020-08-27,146338,4874,677,783.428571428571,23,26.4285714285714
"173",2020-08-28,146944,4904,606,741,30,26.5714285714286
"174",2020-08-29,146944,4904,0,760.857142857143,0,26.7142857142857
"175",2020-08-30,148568,4931,1624,724.714285714286,27,21.8571428571429
"176",2020-08-31,148894,4950,326,744.142857142857,19,21
"177",2020-09-01,149583,4984,689,775,34,18.7142857142857
"178",2020-09-02,150734,5004,1151,775,20,18.7142857142857
"179",2020-09-03,151547,5021,813,742.285714285714,17,23.1428571428571
"180",2020-09-04,152369,5035,822,739.857142857143,14,22.1428571428571
"181",2020-09-05,152369,5035,0,678,0,19.1428571428571
"182",2020-09-06,153764,5093,1395,736.571428571428,58,19.4285714285714
"183",2020-09-07,154073,5105,309,686.714285714286,12,20
"184",2020-09-08,154329,5118,256,677.142857142857,13,23.8571428571429
"185",2020-09-09,155890,5140,1561,677.142857142857,22,23.8571428571429
"186",2020-09-10,156354,5161,464,660.857142857143,21,20.2857142857143
"187",2020-09-11,157109,5202,755,687,41,21
"188",2020-09-12,157109,5202,0,703.428571428571,0,22.8571428571429
"189",2020-09-13,158390,5235,1281,567.857142857143,33,22
"190",2020-09-14,158882,5252,492,569.857142857143,17,21.4285714285714
"191",2020-09-15,159253,5278,371,601.857142857143,26,19.7142857142857
"192",2020-09-16,159865,5294,612,601.857142857143,16,19.7142857142857
"193",2020-09-17,160343,5311,478,552.571428571429,17,18.7142857142857
"194",2020-09-18,161322,5340,979,517,29,17.5714285714286
"195",2020-09-19,161322,5340,0,571.428571428571,0,15.4285714285714
"196",2020-09-20,162258,5366,936,572,26,16.1428571428571
"197",2020-09-21,162501,5375,243,586.142857142857,9,16
"198",2020-09-22,163253,5386,752,547.142857142857,11,14.8571428571429
"199",2020-09-23,163869,5407,616,547.142857142857,21,14.8571428571429
"200",2020-09-24,164446,5423,577,545.285714285714,16,14.1428571428571
"201",2020-09-25,165152,5444,706,544.857142857143,21,15
"202",2020-09-26,165152,5444,0,513.571428571429,0,14.8571428571429
"203",2020-09-27,166075,5465,923,512.714285714286,21,14.8571428571429
"204",2020-09-28,166315,5480,240,509,15,13.7142857142857
"205",2020-09-29,166848,5490,533,524.857142857143,10,14.4285714285714
"206",2020-09-30,167458,5511,610,524.857142857143,21,14.4285714285714
"207",2020-10-01,168009,5519,551,520.571428571429,8,16
"208",2020-10-02,168826,5545,817,517.428571428571,26,15.1428571428571
"209",2020-10-03,168826,5545,0,517.285714285714,0,14.5714285714286
"210",2020-10-04,169719,5577,893,738.142857142857,32,13.2857142857143
"211",2020-10-05,169937,5586,218,734.285714285714,9,12.8571428571429
"212",2020-10-06,170469,5592,532,654.285714285714,6,12.8571428571429
"213",2020-10-07,172625,5604,2156,654.285714285714,12,12.8571428571429
"214",2020-10-08,173149,5609,524,695.428571428571,5,11.1428571428571
"215",2020-10-09,173406,5635,257,672.857142857143,26,11.8571428571429
"216",2020-10-10,173406,5635,0,694.285714285714,0,12.4285714285714
"217",2020-10-11,174587,5655,1181,512,20,13
"218",2020-10-12,174647,5669,60,543.285714285714,14,14
"219",2020-10-13,175329,5679,682,617.142857142857,10,13.1428571428571
"220",2020-10-14,176209,5695,880,617.142857142857,16,13.1428571428571
"221",2020-10-15,176952,5707,743,611.714285714286,12,13.5714285714286
"222",2020-10-16,177726,5727,774,631.857142857143,20,13.8571428571429
"223",2020-10-17,177726,5727,0,634.285714285714,0,13.2857142857143
"224",2020-10-18,178869,5750,1143,703.285714285714,23,13.5714285714286
"225",2020-10-19,179070,5766,201,707.428571428571,16,13.1428571428571
"226",2020-10-20,179769,5772,699,696.714285714286,6,13.2857142857143
"227",2020-10-21,181132,5790,1363,696.714285714286,18,13.2857142857143
"228",2020-10-22,181904,5799,772,672.285714285714,9,12.4285714285714
"229",2020-10-23,182603,5820,699,676,21,12.5714285714286
"230",2020-10-24,182603,5820,0,707.857142857143,0,14.2857142857143
"231",2020-10-25,183575,5837,972,670,17,14.2857142857143
"232",2020-10-26,183802,5854,227,616,17,15.5714285714286
"233",2020-10-27,184724,5872,922,578,18,14.1428571428571
"234",2020-10-28,185822,5890,1098,578,18,14.1428571428571
"235",2020-10-29,186216,5908,394,592.142857142857,18,12.7142857142857
"236",2020-10-30,186649,5919,433,599,11,11.4285714285714
"237",2020-10-31,186649,5919,0,632,0,11.2857142857143
"238",2020-11-01,187720,5926,1071,620.285714285714,7,12.1428571428571
"239",2020-11-02,187995,5934,275,661.285714285714,8,12.4285714285714
"240",2020-11-03,189148,5951,1153,723.714285714286,17,13.8571428571429
"241",2020-11-04,190164,5975,1016,723.714285714286,24,13.8571428571429
"242",2020-11-05,190845,5995,681,751.571428571429,20,15.7142857142857
"243",2020-11-06,191715,6016,870,768.142857142857,21,16.2857142857143
"244",2020-11-07,191715,6016,0,793.428571428571,0,15.2857142857143
"245",2020-11-08,192981,6036,1266,648.285714285714,20,11.8571428571429
"246",2020-11-09,193372,6048,391,1098,12,14.5714285714286
"247",2020-11-10,194702,6058,1330,1466.57142857143,10,15
"248",2020-11-11,194702,6058,0,1466.57142857143,0,15
"249",2020-11-12,198531,6097,3829,1647.42857142857,39,13.7142857142857
"250",2020-11-13,201981,6121,3450,1669.57142857143,24,13
"251",2020-11-14,201981,6121,0,1854.71428571429,0,14
"252",2020-11-15,204513,6132,2532,2173.14285714286,11,18
"253",2020-11-16,205059,6139,546,1919.28571428571,7,14.5714285714286
"254",2020-11-17,207685,6156,2626,2104,17,16
"255",2020-11-18,209914,6184,2229,2104,28,16
"256",2020-11-19,211966,6199,2052,2239.85714285714,15,18.2857142857143
"257",2020-11-20,216709,6233,4743,2300.14285714286,34,20.7142857142857
"258",2020-11-21,216709,6233,0,2388.28571428571,0,23.8571428571429
"259",2020-11-22,220192,6260,3483,2246.28571428571,27,23.7142857142857
"260",2020-11-23,221160,6284,968,1953.14285714286,24,21.5714285714286
"261",2020-11-24,224403,6323,3243,1984.71428571429,39,22.5714285714286
"262",2020-11-25,225638,6350,1235,1984.71428571429,27,22.5714285714286
"263",2020-11-26,225638,6350,0,1721.85714285714,0,21
"264",2020-11-27,230602,6391,4964,1607.71428571429,41,19.4285714285714
"265",2020-11-28,230602,6391,0,1905.28571428571,0,18.8571428571429
"266",2020-11-29,232245,6407,1643,2242.42857142857,16,21.5714285714286
"267",2020-11-30,232414,6420,169,2634.28571428571,13,24.8571428571429
"268",2020-12-01,237740,6455,5326,2367.85714285714,35,22.4285714285714
"269",2020-12-02,241335,6501,3595,2367.85714285714,46,22.4285714285714
"270",2020-12-03,244078,6524,2743,2696.85714285714,23,25.2857142857143
"271",2020-12-04,247177,6548,3099,2817.42857142857,24,26.7142857142857
"272",2020-12-05,247177,6548,0,2403.14285714286,0,28.1428571428571
"273",2020-12-06,251123,6584,3946,2511.28571428571,36,26.1428571428571
"274",2020-12-07,252136,6607,1013,2464.42857142857,23,28.5714285714286
"275",2020-12-08,254562,6652,2426,2430.57142857143,45,31.2857142857143
"276",2020-12-09,258914,6684,4352,2430.57142857143,32,31.2857142857143
"277",2020-12-10,261329,6724,2415,2498.57142857143,40,33.4285714285714
"278",2020-12-11,264191,6767,2862,2501,43,34
"279",2020-12-12,264191,6767,0,2530.57142857143,0,34.7142857142857
"280",2020-12-13,268613,6818,4422,2375.85714285714,51,35.5714285714286
"281",2020-12-14,269643,6845,1030,2570.28571428571,27,34.2857142857143
"282",2020-12-15,272276,6895,2633,2606.14285714286,50,32.4285714285714
"283",2020-12-16,275545,6933,3269,2606.14285714286,38,32.4285714285714
"284",2020-12-17,279321,6964,3776,2504.57142857143,31,32
"285",2020-12-18,282434,6994,3113,2516.85714285714,30,37.4285714285714
"286",2020-12-19,282434,6994,0,2669.14285714286,0,37.5714285714286
"287",2020-12-20,286145,7042,3711,2627,48,41.8571428571429
"288",2020-12-21,287261,7107,1116,2454,65,44
"289",2020-12-22,290960,7158,3699,2009.28571428571,51,39.7142857142857
"290",2020-12-23,293934,7226,2974,2009.28571428571,68,39.7142857142857
"291",2020-12-24,296499,7272,2565,1939.57142857143,46,35.5714285714286
"292",2020-12-25,296499,7272,0,1896.85714285714,0,32.7142857142857
"293",2020-12-26,296499,7272,0,1932.14285714286,0,34.1428571428571
"294",2020-12-27,299722,7291,3223,2470.71428571429,19,31.7142857142857
"295",2020-12-28,300539,7336,817,2682.28571428571,45,30.8571428571429
"296",2020-12-29,304485,7397,3946,2682.28571428571,61,30.8571428571429
"297",2020-12-30,311229,7448,6744,2682.28571428571,51,30.8571428571429
"298",2020-12-31,315275,7488,4046,3048,40,35.1428571428571
"299",2021-01-01,315275,7488,0,3091.71428571429,0,35.5714285714286
"300",2021-01-02,315275,7488,0,3166.14285714286,0,34
"301",2021-01-03,321058,7537,5783,3185,49,33.2857142857143
"302",2021-01-04,322181,7585,1123,3254.14285714286,48,34.2857142857143
"303",2021-01-05,326648,7635,4467,3736.57142857143,50,49.2857142857143
"304",2021-01-06,333524,7681,6876,3736.57142857143,46,49.2857142857143
"305",2021-01-07,338054,7728,4530,3681.57142857143,47,48
"306",2021-01-08,341431,7833,3377,3721.85714285714,105,47.5714285714286
"307",2021-01-09,341431,7833,0,3755.85714285714,0,48
"308",2021-01-10,346829,7873,5398,3187.28571428571,40,48.7142857142857
"309",2021-01-11,348234,7918,1405,3299.14285714286,45,50.2857142857143
"310",2021-01-12,352939,7971,4705,3346,53,35.2857142857143
"311",2021-01-13,355835,8022,2896,3346,51,35.2857142857143
"312",2021-01-14,361148,8080,5313,3164.42857142857,58,47.1428571428571
"313",2021-01-15,364853,8080,3705,3102.42857142857,0,47.8571428571429
"314",2021-01-16,364853,8080,0,2735.71428571429,0,50.4285714285714
"315",2021-01-17,368980,8203,4127,2678.14285714286,123,51.5714285714286
"316",2021-01-18,369951,8253,971,2452.85714285714,50,51.7142857142857
"317",2021-01-19,372089,8324,2138,2200.28571428571,71,57.5714285714286
"318",2021-01-20,374582,8383,2493,2200.28571428571,59,57.5714285714286
"319",2021-01-21,378318,8442,3736,2126,59,51.7142857142857
"320",2021-01-22,380255,8483,1937,2284.42857142857,41,48.1428571428571
"321",2021-01-23,380255,8483,0,2353.28571428571,0,42.4285714285714
"322",2021-01-24,383862,8565,3607,2547.71428571429,82,43.5714285714286
"323",2021-01-25,385942,8590,2080,2370.14285714286,25,43
"324",2021-01-26,388562,8621,2620,2431.57142857143,31,45.4285714285714
"325",2021-01-27,392416,8688,3854,2431.57142857143,67,45.4285714285714
"326",2021-01-28,394909,8743,2493,2394.85714285714,55,42
"327",2021-01-29,397276,8801,2367,2235.57142857143,58,46
"328",2021-01-30,397276,8801,0,2233.14285714286,0,47.4285714285714
"329",2021-01-31,400626,8859,3350,1974.14285714286,58,45.4285714285714
"330",2021-02-01,401591,8912,965,2012.28571428571,53,43
"331",2021-02-02,404194,8953,2603,1797.85714285714,41,39.2857142857143
"332",2021-02-03,406235,9006,2041,1797.85714285714,53,39.2857142857143
"333",2021-02-04,408995,9044,2760,1598,38,37.1428571428571
"334",2021-02-05,409861,9076,866,1628.28571428571,32,32.8571428571429
"335",2021-02-06,409861,9076,0,1451.42857142857,0,29.8571428571429
"336",2021-02-07,411812,9119,1951,1207.42857142857,43,29.4285714285714
"337",2021-02-08,412989,9142,1177,1202.85714285714,23,27.8571428571429
"338",2021-02-09,414354,9162,1365,1246.28571428571,20,28.5714285714286
"339",2021-02-10,414687,9212,333,1246.28571428571,50,28.5714285714286
"340",2021-02-11,417415,9239,2728,1154.14285714286,27,24.7142857142857
"341",2021-02-12,418585,9276,1170,1057.85714285714,37,26.1428571428571
"342",2021-02-13,418585,9276,0,862.857142857143,0,23.2857142857143
"343",2021-02-14,419891,9292,1306,904.428571428571,16,25.5714285714286
"344",2021-02-15,420394,9325,503,633,33,23.8571428571429
"345",2021-02-16,420394,9325,0,528.857142857143,0,23.4285714285714
"346",2021-02-17,421018,9391,624,528.857142857143,66,23.4285714285714
"347",2021-02-18,421846,9406,828,612.142857142857,15,24.8571428571429
"348",2021-02-19,422287,9440,441,607.142857142857,34,21.7142857142857
"349",2021-02-20,422287,9440,0,807.714285714286,0,25.4285714285714
"350",2021-02-21,424176,9466,1889,843.857142857143,26,19.5714285714286
"351",2021-02-22,424644,9477,468,834.714285714286,11,22.1428571428571
"352",2021-02-23,426048,9503,1404,900.714285714286,26,21
"353",2021-02-24,426925,9528,877,900.714285714286,25,21
"354",2021-02-25,427689,9561,764,846.285714285714,33,20.2857142857143
"355",2021-02-26,428592,9587,903,837.142857142857,26,21.5714285714286
"356",2021-02-27,428592,9587,0,746.142857142857,0,20.5714285714286
"357",2021-02-28,430100,9608,1508,692.285714285714,21,20
"358",2021-03-01,430504,9628,404,691.142857142857,20,17.8571428571429
"359",2021-03-02,431271,9647,767,636.142857142857,19,18.4285714285714
"360",2021-03-03,431771,9668,500,636.142857142857,21,18.4285714285714
"361",2021-03-04,432527,9686,756,526.428571428571,18,20
"362",2021-03-05,433045,9716,518,540.714285714286,30,18.5714285714286
"363",2021-03-06,433045,9716,0,522.142857142857,0,17.4285714285714
"364",2021-03-07,433785,9748,740,534.714285714286,32,20.5714285714286
"365",2021-03-08,434289,9758,504,486.857142857143,10,20.2857142857143
"366",2021-03-09,434926,9769,637,491,11,20.7142857142857
"367",2021-03-10,435514,9812,588,491,43,20.7142857142857
"368",2021-03-11,435935,9828,421,515.428571428571,16,19.4285714285714
"369",2021-03-12,436482,9861,547,468,33,20.7142857142857
"370",2021-03-13,436482,9861,0,518.714285714286,0,22.2857142857143
"371",2021-03-14,437393,9884,911,498.285714285714,23,20.4285714285714
"372",2021-03-15,437565,9903,172,515.428571428571,19,20.8571428571429
"373",2021-03-16,438557,9925,992,465,22,18.1428571428571
"374",2021-03-17,439002,9955,445,465,30,18.1428571428571
"375",2021-03-18,439543,9974,541,334.857142857143,19,14.8571428571429
"376",2021-03-19,439737,9988,194,500.142857142857,14,18.1428571428571
"377",2021-03-20,439737,9988,0,459.142857142857,0,16
"378",2021-03-21,439737,9988,0,459.857142857143,0,14.4285714285714
"379",2021-03-22,441066,10030,1329,439.571428571429,42,14.1428571428571
"380",2021-03-23,441771,10037,705,476,7,14.1428571428571
"381",2021-03-24,442221,10056,450,476,19,14.1428571428571
"382",2021-03-25,442620,10073,399,476,17,14.1428571428571
"383",2021-03-26,443069,10087,449,405.571428571429,14,13.1428571428571
"384",2021-03-27,443069,10087,0,377.571428571428,0,13.5714285714286
"385",2021-03-28,443069,10087,0,387.428571428571,0,12.1428571428571
"386",2021-03-29,443905,10122,836,407,35,12.5714285714286
"387",2021-03-30,444414,10132,509,342.857142857143,10,10.5714285714286
"388",2021-03-31,444933,10141,519,342.857142857143,9,10.5714285714286
"389",2021-04-01,445469,10161,536,342.857142857143,20,10.5714285714286
"390",2021-04-02,445469,10161,0,404.571428571429,0,6.14285714285714
"391",2021-04-03,445469,10161,0,363,0,6
"392",2021-04-04,445469,10161,0,388.857142857143,0,6.28571428571428
"393",2021-04-05,446737,10165,1268,376.428571428571,4,5.57142857142857
"394",2021-04-06,446955,10174,218,481.285714285714,9,7.85714285714286
"395",2021-04-07,447655,10185,700,481.285714285714,11,7.85714285714286
"396",2021-04-08,448104,10200,449,481.285714285714,15,7.85714285714286
"397",2021-04-09,448838,10216,734,441.428571428571,16,10.8571428571429
"398",2021-04-10,448838,10216,0,474.857142857143,0,11.5714285714286
"399",2021-04-11,448838,10216,0,431.142857142857,0,11.2857142857143
"400",2021-04-12,449827,10241,989,481.714285714286,25,10.4285714285714
"401",2021-04-13,450279,10255,452,445.285714285714,14,9.42857142857143
"402",2021-04-14,450673,10264,394,445.285714285714,9,9.42857142857143
"403",2021-04-15,451476,10273,803,445.285714285714,9,9.42857142857143
"404",2021-04-16,451955,10282,479,503.428571428571,9,7.42857142857143
"405",2021-04-17,451955,10282,0,490.285714285714,0,7.28571428571428
"406",2021-04-18,451955,10282,0,529.142857142857,0,7.42857142857143
"407",2021-04-19,453351,10293,1396,503.428571428571,11,7.28571428571428
"408",2021-04-20,453711,10306,360,512.285714285714,13,7.71428571428571
"409",2021-04-21,454377,10316,666,512.285714285714,10,7.71428571428571
"410",2021-04-22,455000,10324,623,512.285714285714,8,7.71428571428571
"411",2021-04-23,455541,10336,541,440.142857142857,12,7
"412",2021-04-24,455541,10336,0,453.285714285714,0,6.57142857142857
"413",2021-04-25,455541,10336,0,421.285714285714,0,7.28571428571428
"414",2021-04-26,456432,10342,891,413.714285714286,6,7.42857142857143
"415",2021-04-27,456884,10352,452,434.285714285714,10,6.57142857142857
"416",2021-04-28,457326,10367,442,434.285714285714,15,6.57142857142857
"417",2021-04-29,457896,10376,570,434.285714285714,9,6.57142857142857
"418",2021-04-30,458581,10382,685,415.428571428571,6,7.28571428571428
"419",2021-05-01,458581,10382,0,493.285714285714,0,7.57142857142857
"420",2021-05-02,458581,10382,0,496.714285714286,0,7.28571428571428
"421",2021-05-03,459340,10393,759,473.428571428571,11,7
"422",2021-05-04,460337,10405,997,456,12,7.28571428571429
"423",2021-05-05,460803,10418,466,456,13,7.28571428571429
"424",2021-05-06,461210,10425,407,456,7,7.28571428571429
"425",2021-05-07,461773,10433,563,504,8,6.42857142857143
"426",2021-05-08,461773,10433,0,454.285714285714,0,6.57142857142857
"427",2021-05-09,461773,10433,0,456.285714285714,0,6.42857142857143
"428",2021-05-10,462868,10438,1095,457.428571428571,5,6.28571428571428
"429",2021-05-11,463517,10451,649,437.142857142857,13,6.42857142857143
"430",2021-05-12,463997,10463,480,437.142857142857,12,6.42857142857143
"431",2021-05-13,464412,10469,415,437.142857142857,6,6.42857142857143
"432",2021-05-14,464833,10478,421,439.714285714286,9,7.28571428571428
"433",2021-05-15,464833,10478,0,417.571428571428,0,7
"434",2021-05-16,464833,10478,0,436.857142857143,0,6.57142857142857
"435",2021-05-17,465946,10489,1113,437.571428571429,11,6.85714285714286
"436",2021-05-18,466440,10500,494,426,11,6.28571428571428
"437",2021-05-19,467055,10509,615,426,9,6.28571428571428
"438",2021-05-20,467475,10517,420,426,8,6.28571428571428
"439",2021-05-21,467815,10522,340,350.857142857143,5,6.57142857142857
"440",2021-05-22,467815,10522,0,429.285714285714,0,6.85714285714286
"441",2021-05-23,467815,10522,0,401.285714285714,0,7.57142857142857
"442",2021-05-24,468402,10535,587,408,13,7.57142857142857
"443",2021-05-25,469445,10548,1043,410,13,7.71428571428571
"444",2021-05-26,469864,10562,419,410,14,7.71428571428571
"445",2021-05-27,470331,10570,467,410,8,7.71428571428571
"446",2021-05-28,470685,10576,354,326.142857142857,6,5.85714285714286
"447",2021-05-29,470685,10576,0,316.857142857143,0,6.28571428571429
"448",2021-05-30,470685,10576,0,348.571428571429,0,4.71428571428571
"449",2021-05-31,470685,10576,0,326.571428571429,0,5
"450",2021-06-01,471663,10592,978,328,16,5.57142857142857
"451",2021-06-02,472304,10595,641,328,3,5.57142857142857
"452",2021-06-03,472617,10605,313,328,10,5.57142857142857
"453",2021-06-04,472981,10615,364,441.714285714286,10,6.14285714285714
"454",2021-06-05,472981,10615,0,316.571428571429,0,4.28571428571429
"455",2021-06-06,472981,10615,0,335.571428571429,0,5.14285714285714
"456",2021-06-07,473777,10619,796,358.428571428571,4,4.71428571428571
"457",2021-06-08,473879,10622,102,339,3,4.71428571428571
"458",2021-06-09,474653,10631,774,339,9,4.71428571428571
"459",2021-06-10,475126,10638,473,339,7,4.71428571428571
"460",2021-06-11,475354,10648,228,304.428571428571,10,5.14285714285714
"461",2021-06-12,475354,10648,0,369.714285714286,0,5.42857142857143
"462",2021-06-13,475354,10648,0,305.571428571429,0,5.57142857142857
"463",2021-06-14,475908,10655,554,285.857142857143,7,5.57142857142857
"464",2021-06-15,476467,10660,559,299.857142857143,5,5.71428571428571
"465",2021-06-16,476792,10670,325,299.857142857143,10,5.71428571428571
"466",2021-06-17,477127,10677,335,299.857142857143,7,5.71428571428571
"467",2021-06-18,477453,10688,326,318.714285714286,11,5.42857142857143
"468",2021-06-19,477453,10688,0,285.285714285714,0,5.57142857142857
"469",2021-06-20,477453,10688,0,307.714285714286,0,5.57142857142857
"470",2021-06-21,478139,10693,686,312,5,5.71428571428571
"471",2021-06-22,478464,10699,325,295.428571428571,6,5
"472",2021-06-23,478946,10709,482,295.428571428571,10,5
"473",2021-06-24,479311,10717,365,295.428571428571,8,5
"474",2021-06-25,479521,10723,210,332,6,5
"475",2021-06-26,479521,10723,0,344.571428571428,0,4.71428571428571
"476",2021-06-27,479521,10723,0,360.142857142857,0,4.14285714285714
"477",2021-06-28,480463,10728,942,389.142857142857,5,4.42857142857143
"478",2021-06-29,480876,10732,413,434.142857142857,4,4.85714285714286
"479",2021-06-30,481467,10738,591,434.142857142857,6,4.85714285714286
"480",2021-07-01,482035,10748,568,434.142857142857,10,4.85714285714286
"481",2021-07-02,482560,10757,525,299.571428571429,9,4.14285714285714
"482",2021-07-03,482560,10757,0,528.714285714286,0,4.42857142857143
"483",2021-07-04,482560,10757,0,619.428571428571,0,3.85714285714286
"484",2021-07-05,482560,10757,0,650.571428571429,0,3.28571428571429
"485",2021-07-06,484577,10763,2017,714,6,3.42857142857143
"486",2021-07-07,485803,10765,1226,714,2,3.42857142857143
"487",2021-07-08,486589,10771,786,714,6,3.42857142857143
"488",2021-07-09,487558,10781,969,1055.85714285714,10,4.57142857142857
"489",2021-07-10,487558,10781,0,903.857142857143,0,5
"490",2021-07-11,487558,10781,0,1005.28571428571,0,6.14285714285714
"491",2021-07-12,489951,10789,2393,1107.28571428571,8,7.14285714285714
"492",2021-07-13,490904,10798,953,1198.14285714286,9,6.71428571428571
"493",2021-07-14,492840,10808,1936,1198.14285714286,10,6.71428571428571
"494",2021-07-15,494340,10821,1500,1198.14285714286,13,6.71428571428571
"495",2021-07-16,495945,10828,1605,1425.85714285714,7,7.42857142857143
"496",2021-07-17,495945,10828,0,1512.85714285714,0,9
"497",2021-07-18,495945,10828,0,2006,0,9.42857142857143
"498",2021-07-19,499932,10841,3987,2196.57142857143,13,9.71428571428571
"499",2021-07-20,501494,10861,1562,2414,20,10.2857142857143
"500",2021-07-21,506882,10874,5388,2414,13,10.2857142857143
"501",2021-07-22,509716,10889,2834,2414,15,10.2857142857143
"502",2021-07-23,512843,10900,3127,2929,11,10.4285714285714
"503",2021-07-24,512843,10900,0,3679.85714285714,0,10.4285714285714
"504",2021-07-25,512843,10900,0,3581.42857142857,0,10.5714285714286
"505",2021-07-26,520435,10914,7592,3807.14285714286,14,11.2857142857143
"506",2021-07-27,527253,10934,6818,4119.42857142857,20,14.1428571428571
"507",2021-07-28,531952,10948,4699,4119.42857142857,14,14.1428571428571
"508",2021-07-29,536366,10968,4414,4119.42857142857,20,14.1428571428571
"509",2021-07-30,541679,10999,5313,4621.71428571429,31,16
"510",2021-07-31,541679,10999,0,4326.71428571429,0,21.5714285714286
"511",2021-08-01,541679,10999,0,4338.14285714286,0,25.8571428571429
"512",2021-08-02,552787,11026,11108,4488.71428571429,27,27.7142857142857
"513",2021-08-03,557540,11085,4753,4603.42857142857,59,30.1428571428571
"514",2021-08-04,562319,11129,4779,4603.42857142857,44,30.1428571428571
"515",2021-08-05,567787,11162,5468,4603.42857142857,33,30.1428571428571
"516",2021-08-06,573903,11210,6116,5379.85714285714,48,33.4285714285714
"517",2021-08-07,573903,11210,0,5570.57142857143,0,38.2857142857143
"518",2021-08-08,573903,11210,0,5660.28571428571,0,39.8571428571429
"519",2021-08-09,590446,11260,16543,5634.42857142857,50,42.8571428571429
"520",2021-08-10,596534,11353,6088,5839,93,44.1428571428571
"521",2021-08-11,601941,11408,5407,5839,55,44.1428571428571
"522",2021-08-12,607228,11462,5287,5839,54,44.1428571428571
"523",2021-08-13,614776,11519,7548,5385.71428571429,57,46.2857142857143
"524",2021-08-14,614776,11519,0,5043.28571428571,0,50.4285714285714
"525",2021-08-15,614776,11519,0,5214.57142857143,0,55
"526",2021-08-16,628146,11584,13370,5252.14285714286,65,55.5714285714286
"527",2021-08-17,631837,11706,3691,5019.85714285714,122,57
"528",2021-08-18,638443,11793,6606,5019.85714285714,87,57
"529",2021-08-19,643993,11851,5550,5019.85714285714,58,57
"530",2021-08-20,649915,11918,5922,4665.42857142857,67,56.1428571428571
"531",2021-08-21,649915,11918,0,4683,0,58.5714285714286
"532",2021-08-22,649915,11918,0,4684.85714285714,0,61.8571428571429
"533",2021-08-23,660804,11977,10889,4625,59,63.8571428571429
"534",2021-08-24,664618,12116,3814,4268.71428571429,139,63
"535",2021-08-25,671237,12226,6619,4268.71428571429,110,63
"536",2021-08-26,676368,12298,5131,4268.71428571429,72,63
"537",2021-08-27,679796,12359,3428,2713.14285714286,61,54.5714285714286
"538",2021-08-28,679796,12359,0,2168.28571428571,0,34.7142857142857
"539",2021-08-29,679796,12359,0,2991.28571428571,0,50.8571428571429
"540",2021-08-30,679796,12359,0,2558.14285714286,0,51.1428571428571
"541",2021-08-31,679796,12359,0,2443.42857142857,0,49.7142857142857
"542",2021-09-01,692176,12582,12380,2443.42857142857,223,49.7142857142857
"543",2021-09-02,694275,12656,2099,2443.42857142857,74,49.7142857142857
"544",2021-09-03,696900,12707,2625,2443.42857142857,51,49.7142857142857
"545",2021-09-04,696900,12707,0,3233.71428571429,0,60
"546",2021-09-05,696900,12707,0,1903.14285714286,0,47.5714285714286
"547",2021-09-06,696900,12707,0,2303.71428571429,0,48
"548",2021-09-07,702432,12779,5532,2239.14285714286,72,49.8571428571429
"549",2021-09-08,705498,12915,3066,2239.14285714286,136,49.8571428571429
"550",2021-09-09,710401,12992,4903,2239.14285714286,77,49.8571428571429
"551",2021-09-10,712574,13056,2173,2829.42857142857,64,59.1428571428571
"552",2021-09-11,712574,13056,0,2427.42857142857,0,66
"553",2021-09-12,712574,13056,0,2328.14285714286,0,57.5714285714286
"554",2021-09-13,716706,13121,4132,1865.28571428571,65,53.4285714285714
"555",2021-09-14,719424,13241,2718,1866.14285714286,120,51.7142857142857
"556",2021-09-15,721795,13318,2371,1866.14285714286,77,51.7142857142857
"557",2021-09-16,723458,13366,1663,1866.14285714286,48,51.7142857142857
"558",2021-09-17,725637,13418,2179,1732.14285714286,52,50.2857142857143
"559",2021-09-18,725637,13418,0,1525,0,45.2857142857143
"560",2021-09-19,725637,13418,0,1458.57142857143,0,48.4285714285714
"561",2021-09-20,728831,13473,3194,1437.71428571429,55,48
"562",2021-09-21,730099,13558,1268,1269.57142857143,85,46.1428571428571
"563",2021-09-22,732005,13657,1906,1269.57142857143,99,46.1428571428571
"564",2021-09-23,733522,13702,1517,1269.57142857143,45,46.1428571428571
"565",2021-09-24,734524,13741,1002,1250.14285714286,39,46.1428571428571
"566",2021-09-25,734524,13741,0,1216.28571428571,0,41.7142857142857
"567",2021-09-26,734524,13741,0,1093.71428571429,0,34.7142857142857
"568",2021-09-27,737582,13796,3058,1001.57142857143,55,35.2857142857143
"569",2021-09-28,738613,13850,1031,1054.57142857143,54,35.2857142857143
"570",2021-09-29,739661,13900,1048,1054.57142857143,50,35.2857142857143
"571",2021-09-30,740533,13949,872,1054.57142857143,49,35.2857142857143
"572",2021-10-01,741906,13988,1373,864.142857142857,39,33
"573",2021-10-02,741906,13988,0,862.571428571428,0,31.1428571428571
"574",2021-10-03,741906,13988,0,844.285714285714,0,28.8571428571429
"575",2021-10-04,743631,14027,1725,858.428571428571,39,27.1428571428571
"576",2021-10-05,744651,14068,1020,774.714285714286,41,26.4285714285714
"577",2021-10-06,745571,14102,920,774.714285714286,34,26.4285714285714
"578",2021-10-07,746542,14139,971,774.714285714286,37,26.4285714285714
"579",2021-10-08,747329,14173,787,737.428571428571,34,25.2857142857143
"580",2021-10-09,747329,14173,0,753,0,24.2857142857143
"581",2021-10-10,747329,14173,0,700.285714285714,0,23.7142857142857
"582",2021-10-11,748793,14204,1464,681.857142857143,31,22.4285714285714
"583",2021-10-12,749922,14238,1129,649.285714285714,34,21.1428571428571
"584",2021-10-13,750473,14268,551,649.285714285714,30,21.1428571428571
"585",2021-10-14,751315,14296,842,649.285714285714,28,21.1428571428571
"586",2021-10-15,751874,14321,559,594,25,20.8571428571429
"587",2021-10-16,751874,14321,0,515.714285714286,0,21.4285714285714
"588",2021-10-17,751874,14321,0,507.714285714286,0,22.2857142857143
"589",2021-10-18,752951,14350,1077,519.285714285714,29,21.4285714285714
"590",2021-10-19,753532,14388,581,536.714285714286,38,20.1428571428571
"591",2021-10-20,754027,14424,495,536.714285714286,36,20.1428571428571
"592",2021-10-21,754950,14446,923,536.714285714286,22,20.1428571428571
"593",2021-10-22,755631,14462,681,508.285714285714,16,18.5714285714286
"594",2021-10-23,755631,14462,0,491,0,15.4285714285714
"595",2021-10-24,755631,14462,0,530.285714285714,0,11.7142857142857
"596",2021-10-25,756509,14480,878,468.571428571428,18,11.2857142857143
"597",2021-10-26,756969,14496,460,405.714285714286,16,12.1428571428571
"598",2021-10-27,757739,14506,770,405.714285714286,10,12.1428571428571
"599",2021-10-28,758230,14525,491,405.714285714286,19,12.1428571428571
"600",2021-10-29,758471,14547,241,498.714285714286,22,10.7142857142857
"601",2021-10-30,758471,14547,0,468.142857142857,0,9.85714285714286
"602",2021-10-31,758471,14547,0,421.714285714286,0,11.2857142857143
"603",2021-11-01,760000,14555,1529,440.142857142857,8,10.2857142857143
"604",2021-11-02,760246,14565,246,482.571428571429,10,9.71428571428571
"605",2021-11-03,760691,14585,445,482.571428571429,20,9.71428571428571
"606",2021-11-04,761311,14597,620,482.571428571429,12,9.71428571428571
"607",2021-11-05,761849,14615,538,379.857142857143,18,9.57142857142857
"608",2021-11-06,761849,14615,0,412.428571428571,0,12
"609",2021-11-07,761849,14615,0,419.571428571428,0,11
"610",2021-11-08,762659,14622,810,331,7,9.28571428571428
"611",2021-11-09,763133,14649,474,357.857142857143,27,10
"612",2021-11-10,763628,14662,495,357.857142857143,13,10
"613",2021-11-11,763628,14662,0,357.857142857143,0,10
"614",2021-11-12,764354,14685,726,376.714285714286,23,11
"615",2021-11-13,764354,14685,0,376.142857142857,0,8.42857142857143
"616",2021-11-14,764354,14685,0,394.714285714286,0,8.85714285714286
"617",2021-11-15,765296,14699,942,460.142857142857,14,10.4285714285714
"618",2021-11-16,765766,14708,470,425.142857142857,9,9.14285714285714
"619",2021-11-17,766391,14724,625,425.142857142857,16,9.14285714285714
"620",2021-11-18,766849,14735,458,425.142857142857,11,9.14285714285714
"621",2021-11-19,767330,14749,481,392.142857142857,14,7.85714285714286
"622",2021-11-20,767330,14749,0,421.142857142857,0,8.57142857142857
"623",2021-11-21,767330,14749,0,380,0,7.57142857142857
"624",2021-11-22,768041,14754,711,314.571428571429,5,6
"625",2021-11-23,768714,14768,673,245.857142857143,14,4
"626",2021-11-24,769051,14777,337,245.857142857143,9,4
"627",2021-11-25,769051,14777,0,245.857142857143,0,4
"628",2021-11-26,769051,14777,0,323.428571428571,0,5.71428571428571
"629",2021-11-27,769051,14777,0,311.428571428571,0,4.71428571428571
"630",2021-11-28,769051,14777,0,398,0,4.42857142857143
"631",2021-11-29,770305,14794,1254,465.571428571429,17,5.28571428571429
"632",2021-11-30,770894,14801,589,534,7,7
"633",2021-12-01,771837,14808,943,534,7,7
"634",2021-12-02,772310,14814,473,534,6,7
"635",2021-12-03,772789,14826,479,473.714285714286,12,6.14285714285714
"636",2021-12-04,772789,14826,0,469.571428571429,0,6.14285714285714
"637",2021-12-05,772789,14826,0,439.428571428571,0,7.57142857142857
"638",2021-12-06,773621,14837,832,436.857142857143,11,7.57142857142857
"639",2021-12-07,774181,14844,560,449.428571428571,7,7.28571428571428
"640",2021-12-08,774913,14861,732,449.428571428571,17,7.28571428571428
"641",2021-12-09,775368,14867,455,449.428571428571,6,7.28571428571428
"642",2021-12-10,775935,14877,567,497.857142857143,10,6.71428571428571
"643",2021-12-11,775935,14877,0,502.142857142857,0,7.57142857142857
"644",2021-12-12,775935,14877,0,518.428571428571,0,7.28571428571429
"645",2021-12-13,777106,14884,1171,599.857142857143,7,7.28571428571428
"646",2021-12-14,777696,14897,590,676.142857142857,13,6.71428571428571
"647",2021-12-15,778542,14912,846,676.142857142857,15,6.71428571428571
"648",2021-12-16,779567,14918,1025,676.142857142857,6,6.71428571428571
"649",2021-12-17,780668,14924,1101,928.285714285714,6,7.14285714285714
"650",2021-12-18,780668,14924,0,1091,0,5.71428571428571
"651",2021-12-19,780668,14924,0,1285.14285714286,0,4.71428571428571
"652",2021-12-20,783604,14934,2936,1543.71428571429,10,5
"653",2021-12-21,785333,14937,1729,1386.42857142857,3,4.14285714285714
"654",2021-12-22,787538,14945,2205,1386.42857142857,8,4.14285714285714
"655",2021-12-23,790373,14953,2835,1386.42857142857,8,4.14285714285714
"656",2021-12-24,790373,14953,0,2704.71428571429,0,5.14285714285714
"657",2021-12-25,790373,14953,0,3073.85714285714,0,5.85714285714286
"658",2021-12-26,790373,14953,0,4098.57142857143,0,5.57142857142857
"659",2021-12-27,802537,14970,12164,5474.57142857143,17,4.71428571428571
"660",2021-12-28,806850,14978,4313,5474.57142857143,8,4.71428571428571
"661",2021-12-29,816228,14984,9378,5474.57142857143,6,4.71428571428571
"662",2021-12-30,828695,14986,12467,5474.57142857143,2,4.71428571428571
"663",2021-12-31,828695,14986,0,8188.42857142857,0,4.42857142857143
"664",2022-01-01,828695,14986,0,8899.42857142857,0,5.71428571428571
"665",2022-01-02,828695,14986,0,9045.85714285714,0,6.14285714285714
"666",2022-01-03,859856,15001,31161,9275.85714285714,15,7.42857142857143
"667",2022-01-04,869146,15018,9290,11390.4285714286,17,9.71428571428571
"668",2022-01-05,879549,15027,10403,11390.4285714286,9,9.71428571428571
"669",2022-01-06,893626,15038,14077,11390.4285714286,11,9.71428571428571
"670",2022-01-07,908428,15054,14802,11084.4285714286,16,10.2857142857143
"671",2022-01-08,908428,15054,0,11542.1428571429,0,12
"672",2022-01-09,908428,15054,0,12569.1428571429,0,12.7142857142857
"673",2022-01-10,937447,15073,29019,12691.2857142857,19,12.7142857142857
"674",2022-01-11,949941,15102,12494,12599.2857142857,29,11.8571428571429
"675",2022-01-12,967533,15116,17592,12599.2857142857,14,11.8571428571429
"676",2022-01-13,982465,15127,14932,12599.2857142857,11,11.8571428571429
"677",2022-01-14,996623,15137,14158,8453.71428571428,10,9.14285714285714
"678",2022-01-15,996623,15137,0,10829.5714285714,0,13.2857142857143
"679",2022-01-16,996623,15137,0,9959.42857142857,0,18.5714285714286
"680",2022-01-17,996623,15137,0,9659.28571428571,0,22.2857142857143
"681",2022-01-18,1025748,15195,29125,9057,58,26.7142857142857
"682",2022-01-19,1037249,15246,11501,9057,51,26.7142857142857
"683",2022-01-20,1050080,15283,12831,9057,37,26.7142857142857
"684",2022-01-21,1060022,15324,9942,11394.5714285714,41,33.8571428571429
"685",2022-01-22,1060022,15324,0,8385.71428571429,0,40.1428571428571
"686",2022-01-23,1060022,15324,0,15428,0,39.5714285714286
"687",2022-01-24,1076385,15374,16363,14676.8571428571,50,41
"688",2022-01-25,1084448,15476,8063,14301.1428571429,102,43.8571428571428
"689",2022-01-26,1145245,15523,60797,14301.1428571429,47,43.8571428571428
"690",2022-01-27,1152818,15570,7573,14301.1428571429,47,43.8571428571428
"691",2022-01-28,1160130,15631,7312,13403.8571428571,61,42.8571428571429
"692",2022-01-29,1160130,15631,0,12927.5714285714,0,38.2857142857143
"693",2022-01-30,1160130,15631,0,4938.42857142857,0,36.8571428571429
"694",2022-01-31,1170212,15674,10082,4622.28571428571,43,38.7142857142857
"695",2022-02-01,1174941,15744,4729,4606.42857142857,70,39.1428571428571
"696",2022-02-02,1179814,15781,4873,4606.42857142857,37,39.1428571428571
"697",2022-02-03,1185174,15841,5360,4606.42857142857,60,39.1428571428571
"698",2022-02-04,1192375,15905,7201,4210,64,39.8571428571429
"699",2022-02-05,1192375,15905,0,3903.42857142857,0,38.8571428571429
"700",2022-02-06,1192375,15905,0,3553.42857142857,0,40.7142857142857
"701",2022-02-07,1199682,15953,7307,3175.85714285714,48,42.4285714285714
"702",2022-02-08,1202265,16016,2583,2574.71428571429,63,38.7142857142857
"703",2022-02-09,1204688,16066,2423,2574.71428571429,50,38.7142857142857
"704",2022-02-10,1207405,16138,2717,2574.71428571429,72,38.7142857142857
"705",2022-02-11,1210398,16176,2993,1965,38,37.7142857142857
"706",2022-02-12,1210398,16176,0,1818.42857142857,0,34.5714285714286
"707",2022-02-13,1210398,16176,0,1671.71428571429,0,34
"708",2022-02-14,1213437,16217,3039,1551,41,30.7142857142857
"709",2022-02-15,1214994,16258,1557,1295.14285714286,41,32
"710",2022-02-16,1216390,16304,1396,1295.14285714286,46,32
"711",2022-02-17,1218262,16353,1872,1295.14285714286,49,32
"712",2022-02-18,1219464,16400,1202,1150.85714285714,47,35.4285714285714
"713",2022-02-19,1219464,16400,0,1153.28571428571,0,37.1428571428571
"714",2022-02-20,1219464,16400,0,1091.14285714286,0,36.1428571428571
"715",2022-02-21,1221493,16465,2029,958.142857142857,65,32.7142857142857
"716",2022-02-22,1223067,16518,1574,881.857142857143,53,29.4285714285714
"717",2022-02-23,1224028,16557,961,881.857142857143,39,29.4285714285714
"718",2022-02-24,1224969,16582,941,881.857142857143,25,29.4285714285714
"719",2022-02-25,1225637,16606,668,592,24,20.1428571428571
"720",2022-02-26,1225637,16606,0,367.142857142857,0,12.5714285714286
"721",2022-02-27,1225637,16606,0,439.714285714286,0,17.1428571428571
"722",2022-02-28,1225637,16606,0,392,0,18.4285714285714
"723",2022-03-01,1225637,16606,0,344,0,21.1428571428571
"724",2022-03-02,1227106,16677,1469,344,71,21.1428571428571
"725",2022-03-03,1227713,16711,607,344,34,21.1428571428571
"726",2022-03-04,1228045,16754,332,420.428571428571,43,25.5714285714286
"727",2022-03-05,1228045,16754,0,469.714285714286,0,29.5714285714286
"728",2022-03-06,1228045,16754,0,318.714285714286,0,22.1428571428571
"729",2022-03-07,1228580,16785,535,256.857142857143,31,21.5714285714286
"730",2022-03-08,1228925,16813,345,229.714285714286,28,19
"731",2022-03-09,1229337,16832,412,229.714285714286,19,19
"732",2022-03-10,1229511,16862,174,229.714285714286,30,19
"733",2022-03-11,1229653,16887,142,230,25,18.2857142857143
"734",2022-03-12,1229653,16887,0,213.428571428571,0,19.5714285714286
"735",2022-03-13,1229653,16887,0,181.714285714286,0,18.2857142857143
"736",2022-03-14,1230190,16913,537,183.142857142857,26,17
"737",2022-03-15,1230419,16950,229,192.142857142857,37,15.5714285714286
"738",2022-03-16,1230609,16960,190,192.142857142857,10,15.5714285714286
"739",2022-03-17,1230793,16981,184,192.142857142857,21,15.5714285714286
"740",2022-03-18,1230998,16996,205,150.857142857143,15,14.7142857142857
"741",2022-03-19,1230998,16996,0,139.142857142857,0,12
"742",2022-03-20,1230998,16996,0,135.285714285714,0,12.1428571428571
"743",2022-03-21,1231246,17016,248,126.142857142857,20,12
"744",2022-03-22,1231393,17034,147,121.142857142857,18,11.4285714285714
"745",2022-03-23,1231556,17045,163,121.142857142857,11,11.4285714285714
"746",2022-03-24,1231676,17065,120,121.142857142857,20,11.4285714285714
"747",2022-03-25,1231846,17076,170,114,11,10
"748",2022-03-26,1231846,17076,0,105,0,10
"749",2022-03-27,1231846,17076,0,100.142857142857,0,10.2857142857143
"750",2022-03-28,1232044,17086,198,106.571428571429,10,8.85714285714286
"751",2022-03-29,1232128,17104,84,95.2857142857143,18,8.85714285714286
"752",2022-03-30,1232257,17117,129,95.2857142857143,13,8.85714285714286
"753",2022-03-31,1232422,17127,165,95.2857142857143,10,8.85714285714286
"754",2022-04-01,1232513,17138,91,102.571428571429,11,8.57142857142857
"755",2022-04-02,1232513,17138,0,125.714285714286,0,7.14285714285714
"756",2022-04-03,1232513,17138,0,138.285714285714,0,6.42857142857143
"757",2022-04-04,1232762,17146,249,133.428571428571,8,6.85714285714286
"758",2022-04-05,1233008,17154,246,138,8,5.57142857142857
"759",2022-04-06,1233225,17162,217,138,8,5.57142857142857
"760",2022-04-07,1233356,17175,131,138,13,5.57142857142857
"761",2022-04-08,1233479,17177,123,130.142857142857,2,5.14285714285714
"762",2022-04-09,1233479,17177,0,123.285714285714,0,4.42857142857143
"763",2022-04-10,1233479,17177,0,131.571428571429,0,4.14285714285714
"764",2022-04-11,1233673,17182,194,184.857142857143,5,2.71428571428571
"765",2022-04-12,1233871,17185,198,167.285714285714,3,2.42857142857143
"766",2022-04-13,1234146,17191,275,167.285714285714,6,2.42857142857143
"767",2022-04-14,1234650,17194,504,167.285714285714,3,2.42857142857143
"768",2022-04-15,1234650,17194,0,217.142857142857,0,2.14285714285714
"769",2022-04-16,1234650,17194,0,221.428571428571,0,3.14285714285714
"770",2022-04-17,1234650,17194,0,219.571428571429,0,3.14285714285714
"771",2022-04-18,1235193,17197,543,177.571428571429,3,3.71428571428571
"772",2022-04-19,1235421,17207,228,208.714285714286,10,4.14285714285714
"773",2022-04-20,1235683,17213,262,208.714285714286,6,4.14285714285714
"774",2022-04-21,1235893,17220,210,208.714285714286,7,4.14285714285714
"775",2022-04-22,1236111,17223,218,219.714285714286,3,4.57142857142857
"776",2022-04-23,1236111,17223,0,225,0,4
"777",2022-04-24,1236111,17223,0,234,0,3.85714285714286
"778",2022-04-25,1236731,17229,620,249.428571428571,6,3.42857142857143
"779",2022-04-26,1236996,17235,265,271.428571428571,6,3.57142857142857
"780",2022-04-27,1237321,17240,325,271.428571428571,5,3.57142857142857
"781",2022-04-28,1237639,17244,318,271.428571428571,4,3.57142857142857
"782",2022-04-29,1238011,17248,372,260.857142857143,4,4.71428571428571
"783",2022-04-30,1238011,17248,0,295.285714285714,0,4.71428571428571
"784",2022-05-01,1238011,17248,0,306.857142857143,0,4.28571428571429
"785",2022-05-02,1238557,17262,546,336.285714285714,14,4.14285714285714
"786",2022-05-03,1239063,17268,506,361,6,4
"787",2022-05-04,1239469,17270,406,361,2,4
"788",2022-05-05,1239993,17273,524,361,3,4
"789",2022-05-06,1240538,17276,545,421,3,3.28571428571429
"790",2022-05-07,1240538,17276,0,434,0,2.57142857142857
"791",2022-05-08,1240538,17276,0,477.142857142857,0,2.85714285714286
"792",2022-05-09,1241504,17285,966,528.571428571429,9,2.57142857142857
"793",2022-05-10,1242101,17286,597,555,1,2.71428571428571
"794",2022-05-11,1242809,17290,708,555,4,2.71428571428571
"795",2022-05-12,1243693,17291,884,555,1,2.71428571428571
"796",2022-05-13,1244423,17295,730,610.285714285714,4,1.71428571428571
"797",2022-05-14,1244423,17295,0,652,0,2.14285714285714
"798",2022-05-15,1244423,17295,0,730.857142857143,0,2.42857142857143
"799",2022-05-16,1245776,17297,1353,799.857142857143,2,2.57142857142857
"800",2022-05-17,1246665,17301,889,858,4,2.57142857142857
"801",2022-05-18,1247925,17307,1260,858,6,2.57142857142857
"802",2022-05-19,1249292,17309,1367,858,2,2.57142857142857
"803",2022-05-20,1250429,17313,1137,884.285714285714,4,2.57142857142857
"804",2022-05-21,1250429,17313,0,918.285714285714,0,2.42857142857143
"805",2022-05-22,1250429,17313,0,959.285714285714,0,1.71428571428571
"806",2022-05-23,1251966,17315,1537,939.571428571429,2,1.71428571428571
"807",2022-05-24,1253093,17318,1127,959.857142857143,3,1.71428571428571
"808",2022-05-25,1254640,17319,1547,959.857142857143,1,1.71428571428571
"809",2022-05-26,1255869,17321,1229,959.857142857143,2,1.71428571428571
"810",2022-05-27,1257148,17325,1279,740.285714285714,4,1.42857142857143
"811",2022-05-28,1257148,17325,0,948.142857142857,0,1.14285714285714
"812",2022-05-29,1257148,17325,0,1027.42857142857,0,1.85714285714286
"813",2022-05-30,1257148,17325,0,1047.85714285714,0,2.28571428571429
"814",2022-05-31,1259730,17326,2582,1153.85714285714,1,2.28571428571429
"815",2022-06-01,1261832,17332,2102,1153.85714285714,6,2.28571428571429
"816",2022-06-02,1263204,17337,1372,1153.85714285714,5,2.28571428571429
"817",2022-06-03,1265225,17341,2021,1497.85714285714,4,2.85714285714286
"818",2022-06-04,1265225,17341,0,1395.85714285714,0,3.42857142857143
"819",2022-06-05,1265225,17341,0,1318,0,2.71428571428571
"820",2022-06-06,1267633,17345,2408,1373.28571428571,4,2.57142857142857
"821",2022-06-07,1269501,17350,1868,1367.57142857143,5,2.14285714285714
"822",2022-06-08,1271058,17351,1557,1367.57142857143,1,2.14285714285714
"823",2022-06-09,1272817,17355,1759,1367.57142857143,4,2.14285714285714
"824",2022-06-10,1274798,17356,1981,1352.57142857143,1,2.28571428571429
"825",2022-06-11,1274798,17356,0,1422.42857142857,0,1.71428571428571
"826",2022-06-12,1274798,17356,0,1420.57142857143,0,2.57142857142857
"827",2022-06-13,1277101,17361,2303,1450.14285714286,5,2.57142857142857
"828",2022-06-14,1279458,17362,2357,1167.14285714286,1,2.42857142857143
"829",2022-06-15,1281002,17369,1544,1167.14285714286,7,2.42857142857143
"830",2022-06-16,1282968,17373,1966,1167.14285714286,4,2.42857142857143
"831",2022-06-17,1282968,17373,0,1475.42857142857,0,2
"832",2022-06-18,1282968,17373,0,1547.57142857143,0,2.57142857142857
"833",2022-06-19,1282968,17373,0,1664.71428571429,0,2
"834",2022-06-20,1287429,17375,4461,1678.85714285714,2,2.14285714285714
"835",2022-06-21,1290291,17380,2862,1984.71428571429,5,2.71428571428571
"836",2022-06-22,1292655,17383,2364,1984.71428571429,3,2.71428571428571
"837",2022-06-23,1294720,17388,2065,1984.71428571429,5,2.71428571428571
"838",2022-06-24,1296861,17392,2141,1813.71428571429,4,3.42857142857143
"839",2022-06-25,1296861,17392,0,1748.42857142857,0,3.42857142857143
"840",2022-06-26,1296861,17392,0,1842.42857142857,0,3.71428571428571
"841",2022-06-27,1300125,17399,3264,1981.71428571429,7,3.42857142857143
"842",2022-06-28,1302530,17404,2405,1995.42857142857,5,3.71428571428571
"843",2022-06-29,1305552,17409,3022,1995.42857142857,5,3.71428571428571
"844",2022-06-30,1308592,17412,3040,1995.42857142857,3,3.71428571428571
"845",2022-07-01,1310829,17418,2237,1529.14285714286,6,2.71428571428571
"846",2022-07-02,1310829,17418,0,1833,0,2.42857142857143
"847",2022-07-03,1310829,17418,0,1794.57142857143,0,2.14285714285714
"848",2022-07-04,1310829,17418,0,2136.85714285714,0,2
"849",2022-07-05,1315361,17421,4532,2219.28571428571,3,1.85714285714286
"850",2022-07-06,1318114,17424,2753,2219.28571428571,3,1.85714285714286
"851",2022-07-07,1323550,17426,5436,2219.28571428571,2,1.85714285714286
"852",2022-07-08,1326364,17431,2814,3026.14285714286,5,2.71428571428571
"853",2022-07-09,1326364,17431,0,2903.28571428571,0,4.14285714285714
"854",2022-07-10,1326364,17431,0,3018.71428571429,0,5.42857142857143
"855",2022-07-11,1332012,17437,5648,2741.42857142857,6,6.57142857142857
"856",2022-07-12,1335684,17450,3672,2707,13,6.14285714285714
"857",2022-07-13,1339245,17462,3561,2707,12,6.14285714285714
"858",2022-07-14,1342740,17472,3495,2707,10,6.14285714285714
"859",2022-07-15,1345313,17474,2573,2673.57142857143,2,6.42857142857143
"860",2022-07-16,1345313,17474,0,2673.42857142857,0,5.85714285714286
"861",2022-07-17,1345313,17474,0,2593,0,4.42857142857143
"862",2022-07-18,1350727,17482,5414,2588.85714285714,8,4.57142857142857
"863",2022-07-19,1354398,17491,3671,2604.28571428571,9,6
"864",2022-07-20,1357396,17493,2998,2604.28571428571,2,6
"865",2022-07-21,1360862,17504,3466,2604.28571428571,11,6
"866",2022-07-22,1363543,17516,2681,2437.14285714286,12,5.71428571428571
"867",2022-07-23,1363543,17516,0,2237.85714285714,0,7.71428571428571
"868",2022-07-24,1363543,17516,0,2105.42857142857,0,8.57142857142857
"869",2022-07-25,1367787,17522,4244,2079.28571428571,6,8.28571428571428
"870",2022-07-26,1370063,17545,2276,2017.57142857143,23,7.85714285714286
"871",2022-07-27,1372134,17553,2071,2017.57142857143,8,7.85714285714286
"872",2022-07-28,1375417,17562,3283,2017.57142857143,9,7.85714285714286
"873",2022-07-29,1377666,17571,2249,1962,9,9.28571428571428
"874",2022-07-30,1377666,17571,0,1931,0,8.71428571428571
"875",2022-07-31,1377666,17571,0,1926.42857142857,0,9
"876",2022-08-01,1381521,17587,3855,1755.28571428571,16,8.42857142857143
"877",2022-08-02,1383580,17606,2059,1685.42857142857,19,8.85714285714286
"878",2022-08-03,1385619,17616,2039,1685.42857142857,10,8.85714285714286
"879",2022-08-04,1387704,17621,2085,1685.42857142857,5,8.85714285714286
"880",2022-08-05,1389464,17633,1760,1570.85714285714,12,7.71428571428571
"881",2022-08-06,1389464,17633,0,1630.71428571429,0,9.28571428571429
"882",2022-08-07,1389464,17633,0,1559.57142857143,0,8.71428571428571
"883",2022-08-08,1392517,17641,3053,1541.42857142857,8,9.85714285714286
"884",2022-08-09,1394995,17671,2478,1543,30,9.42857142857143
"885",2022-08-10,1396536,17677,1541,1543,6,9.42857142857143
"886",2022-08-11,1398494,17690,1958,1543,13,9.42857142857143
"887",2022-08-12,1400265,17699,1771,1555.28571428571,9,9.57142857142857
"888",2022-08-13,1400265,17699,0,1479,0,7.28571428571428
"889",2022-08-14,1400265,17699,0,1501.57142857143,0,9.42857142857143
"890",2022-08-15,1403404,17708,3139,1473.57142857143,9,10.7142857142857
"891",2022-08-16,1405348,17722,1944,1507.42857142857,14,11.1428571428571
"892",2022-08-17,1407047,17743,1699,1507.42857142857,21,11.1428571428571
"893",2022-08-18,1408809,17765,1762,1507.42857142857,22,11.1428571428571
"894",2022-08-19,1410817,17777,2008,1460.57142857143,12,12.4285714285714
"895",2022-08-20,1410817,17777,0,1511.42857142857,0,13.4285714285714
"896",2022-08-21,1410817,17777,0,1592.85714285714,0,11.4285714285714
"897",2022-08-22,1413628,17795,2811,1671.14285714286,18,9.71428571428571
"898",2022-08-23,1415928,17816,2300,1662,21,9.42857142857143
"899",2022-08-24,1418197,17823,2269,1662,7,9.42857142857143
"900",2022-08-25,1420507,17833,2310,1662,10,9.42857142857143
"901",2022-08-26,1422451,17843,1944,1812.28571428571,10,8.42857142857143
"902",2022-08-27,1422451,17843,0,1864.28571428571,0,7.14285714285714
"903",2022-08-28,1422451,17843,0,1830.57142857143,0,6.85714285714286
"904",2022-08-29,1426314,17854,3863,1859.71428571429,11,6.28571428571428
"905",2022-08-30,1428978,17866,2664,1845.28571428571,12,6
"906",2022-08-31,1431011,17871,2033,1845.28571428571,5,6
"907",2022-09-01,1433525,17877,2514,1845.28571428571,6,6
"908",2022-09-02,1435368,17885,1843,1293.42857142857,8,4.42857142857143
"909",2022-09-03,1435368,17885,0,1378.85714285714,0,4.14285714285714
"910",2022-09-04,1435368,17885,0,1320.85714285714,0,4
"911",2022-09-05,1435368,17885,0,1156.14285714286,0,6
"912",2022-09-06,1438630,17895,3262,1073.85714285714,10,5.42857142857143
"913",2022-09-07,1440257,17899,1627,1073.85714285714,4,5.42857142857143
"914",2022-09-08,1441618,17919,1361,1073.85714285714,20,5.42857142857143
"915",2022-09-09,1442885,17923,1267,1343.28571428571,4,6.57142857142857
"916",2022-09-10,1442885,17923,0,1012.28571428571,0,6.28571428571428
"917",2022-09-11,1442885,17923,0,925.857142857143,0,8
"918",2022-09-12,1444771,17931,1886,885.142857142857,8,7.14285714285714
"919",2022-09-13,1445716,17939,945,802.571428571428,8,7.85714285714286
"920",2022-09-14,1446738,17955,1022,802.571428571428,16,7.85714285714286
"921",2022-09-15,1447814,17969,1076,802.571428571428,14,7.85714285714286
"922",2022-09-16,1448503,17978,689,720.571428571429,9,7.28571428571428
"923",2022-09-17,1448503,17978,0,699.571428571429,0,7
"924",2022-09-18,1448503,17978,0,652.285714285714,0,5.42857142857143
"925",2022-09-19,1449815,17982,1312,587.571428571429,4,3.85714285714286
"926",2022-09-20,1450613,17988,798,570.285714285714,6,4.42857142857143
"927",2022-09-21,1451304,17993,691,570.285714285714,5,4.42857142857143
"928",2022-09-22,1451927,17996,623,570.285714285714,3,4.42857142857143
"929",2022-09-23,1452495,18009,568,496.857142857143,13,5.85714285714286
"930",2022-09-24,1452495,18009,0,480.428571428571,0,6.14285714285714
"931",2022-09-25,1452495,18009,0,449.428571428571,0,7.57142857142857
"932",2022-09-26,1453293,18023,798,414.428571428571,14,8.85714285714286
"933",2022-09-27,1453976,18031,683,399.285714285714,8,8.14285714285714
"934",2022-09-28,1454450,18046,474,399.285714285714,15,8.14285714285714
"935",2022-09-29,1454828,18058,378,399.285714285714,12,8.14285714285714
"936",2022-09-30,1455290,18066,462,372.428571428571,8,7
"937",2022-10-01,1455290,18066,0,331.285714285714,0,6.85714285714286
"938",2022-10-02,1455290,18066,0,315.428571428571,0,6
"939",2022-10-03,1455900,18072,610,317.714285714286,6,5.57142857142857
"940",2022-10-04,1456295,18079,395,294.142857142857,7,5.14285714285714
"941",2022-10-05,1456658,18088,363,294.142857142857,9,5.14285714285714
"942",2022-10-06,1457052,18097,394,294.142857142857,9,5.14285714285714
"943",2022-10-07,1457349,18102,297,288,5,5.71428571428571
"944",2022-10-08,1457349,18102,0,290.857142857143,0,6
"945",2022-10-09,1457349,18102,0,292.571428571429,0,5.57142857142857
"946",2022-10-10,1457916,18112,567,282.714285714286,10,4.71428571428571
"947",2022-10-11,1458331,18121,415,279.857142857143,9,4.85714285714286
"948",2022-10-12,1458706,18127,375,279.857142857143,6,4.85714285714286
"949",2022-10-13,1459031,18130,325,279.857142857143,3,4.85714285714286
"950",2022-10-14,1459308,18136,277,198.857142857143,6,3.42857142857143
"951",2022-10-15,1459308,18136,0,139.571428571429,0,2.14285714285714
"952",2022-10-16,1459308,18136,0,165.714285714286,0,1.57142857142857
"953",2022-10-17,1459308,18136,0,119.285714285714,0,1.14285714285714
"954",2022-10-18,1459308,18136,0,79.7142857142857,0,0.285714285714286
"955",2022-10-19,1459866,18138,558,79.7142857142857,2,0.285714285714286
"956",2022-10-20,1459866,18138,0,79.7142857142857,0,0.285714285714286
"957",2022-10-21,1459866,18138,0,79.7142857142857,0,0.285714285714286
"958",2022-10-22,1459866,18138,0,79.7142857142857,0,0.285714285714286
"959",2022-10-23,1459866,18138,0,223.857142857143,0,4.28571428571429
"960",2022-10-24,1459866,18138,0,223.857142857143,0,4.28571428571429
"961",2022-10-25,1459866,18138,0,223.857142857143,0,4.28571428571429
"962",2022-10-26,1461433,18168,1567,223.857142857143,30,4.28571428571429
"963",2022-10-27,1461433,18168,0,223.857142857143,0,4.28571428571429
"964",2022-10-28,1461433,18168,0,223.857142857143,0,4.28571428571429
"965",2022-10-29,1461433,18168,0,223.857142857143,0,4.28571428571429
"966",2022-10-30,1461433,18168,0,278,0,3.57142857142857
"967",2022-10-31,1461433,18168,0,278,0,3.57142857142857
"968",2022-11-01,1461433,18168,0,278,0,3.57142857142857
"969",2022-11-02,1463379,18193,1946,278,25,3.57142857142857
"970",2022-11-03,1463379,18193,0,278,0,3.57142857142857
"971",2022-11-04,1463379,18193,0,278,0,3.57142857142857
"972",2022-11-05,1463379,18193,0,278,0,3.57142857142857
"973",2022-11-06,1463379,18193,0,331.571428571429,0,3.42857142857143
"974",2022-11-07,1463379,18193,0,331.571428571429,0,3.42857142857143
"975",2022-11-08,1463379,18193,0,331.571428571429,0,6.57142857142857
"976",2022-11-09,1465700,18217,2321,331.571428571429,24,6.57142857142857
"977",2022-11-10,1465700,18217,0,331.571428571429,0,6.57142857142857
"978",2022-11-11,1465700,18239,0,331.571428571429,22,6.57142857142857
"979",2022-11-12,1465700,18239,0,331.571428571429,0,6.57142857142857
"980",2022-11-13,1465700,18239,0,267.571428571429,0,5.42857142857143
"981",2022-11-14,1465700,18239,0,267.571428571429,0,5.42857142857143
"982",2022-11-15,1465700,18239,0,267.571428571429,0,-0.714285714285714
"983",2022-11-16,1467573,18255,1873,267.571428571429,16,-0.714285714285714
"984",2022-11-17,1467573,18255,0,267.571428571429,0,-0.714285714285714
"985",2022-11-18,1467573,18234,0,267.571428571429,-21,-0.714285714285714
"986",2022-11-19,1467573,18234,0,267.571428571429,0,-0.714285714285714
"987",2022-11-20,1467573,18234,0,409.714285714286,0,0.857142857142857
"988",2022-11-21,1467573,18234,0,409.714285714286,0,0.857142857142857
"989",2022-11-22,1467573,18234,0,409.714285714286,0,3.85714285714286
"990",2022-11-23,1470441,18261,2868,409.714285714286,27,3.85714285714286
"991",2022-11-24,1470441,18261,0,409.714285714286,0,3.85714285714286
"992",2022-11-25,1470441,18261,0,409.714285714286,0,3.85714285714286
"993",2022-11-26,1470441,18261,0,409.714285714286,0,3.85714285714286
"994",2022-11-27,1470441,18261,0,378.714285714286,0,1.85714285714286
"995",2022-11-28,1470441,18261,0,378.714285714286,0,1.85714285714286
"996",2022-11-29,1470441,18261,0,378.714285714286,0,1.85714285714286
"997",2022-11-30,1473092,18274,2651,378.714285714286,13,1.85714285714286
"998",2022-12-01,1473092,18274,0,378.714285714286,0,1.85714285714286
"999",2022-12-02,1473092,18274,0,378.714285714286,0,1.85714285714286
"1000",2022-12-03,1473092,18274,0,378.714285714286,0,1.85714285714286
"1001",2022-12-04,1473092,18274,0,636.142857142857,0,3.14285714285714
"1002",2022-12-05,1473092,18274,0,636.142857142857,0,3.14285714285714
"1003",2022-12-06,1473092,18274,0,636.142857142857,0,3.14285714285714
"1004",2022-12-07,1477545,18296,4453,636.142857142857,22,3.14285714285714
"1005",2022-12-08,1477545,18296,0,636.142857142857,0,3.14285714285714
"1006",2022-12-09,1477545,18296,0,636.142857142857,0,3.14285714285714
"1007",2022-12-10,1477545,18296,0,636.142857142857,0,3.14285714285714
"1008",2022-12-11,1477545,18296,0,674.857142857143,0,4
"1009",2022-12-12,1477545,18296,0,674.857142857143,0,4
"1010",2022-12-13,1477545,18296,0,674.857142857143,0,4
"1011",2022-12-14,1482269,18324,4724,674.857142857143,28,4
"1012",2022-12-15,1482269,18324,0,674.857142857143,0,4
"1013",2022-12-16,1482269,18324,0,674.857142857143,0,4
"1014",2022-12-17,1482269,18324,0,674.857142857143,0,4
"1015",2022-12-18,1482269,18324,0,3634,0,3
"1016",2022-12-19,1482269,18324,0,3634,0,3
"1017",2022-12-20,1482269,18324,0,3634,0,3
"1018",2022-12-21,1507707,18345,25438,3634,21,3
"1019",2022-12-22,1507707,18345,0,3634,0,3
"1020",2022-12-23,1507707,18345,0,3634,0,3
"1021",2022-12-24,1507707,18345,0,3634,0,3
"1022",2022-12-25,1507707,18345,0,915.142857142857,0,3.57142857142857
"1023",2022-12-26,1507707,18345,0,915.142857142857,0,3.57142857142857
"1024",2022-12-27,1507707,18345,0,915.142857142857,0,3.57142857142857
"1025",2022-12-28,1514113,18370,6406,915.142857142857,25,3.57142857142857
"1026",2022-12-29,1514113,18370,0,915.142857142857,0,3.57142857142857
"1027",2022-12-30,1514113,18370,0,915.142857142857,0,3.57142857142857
"1028",2022-12-31,1514113,18370,0,915.142857142857,0,3.57142857142857
"1029",2023-01-01,1514113,18370,0,1012.85714285714,0,3.42857142857143
"1030",2023-01-02,1514113,18370,0,1012.85714285714,0,3.42857142857143
"1031",2023-01-03,1514113,18370,0,1012.85714285714,0,3.42857142857143
"1032",2023-01-04,1521203,18394,7090,1012.85714285714,24,3.42857142857143
"1033",2023-01-05,1521203,18394,0,1012.85714285714,0,3.42857142857143
"1034",2023-01-06,1521203,18394,0,1012.85714285714,0,3.42857142857143
"1035",2023-01-07,1521203,18394,0,1012.85714285714,0,3.42857142857143
"1036",2023-01-08,1521203,18394,0,978.428571428571,0,6
"1037",2023-01-09,1521203,18394,0,978.428571428571,0,6
"1038",2023-01-10,1521203,18394,0,978.428571428571,0,6
"1039",2023-01-11,1528052,18436,6849,978.428571428571,42,6
"1040",2023-01-12,1528052,18436,0,978.428571428571,0,6
"1041",2023-01-13,1528052,18436,0,978.428571428571,0,6
"1042",2023-01-14,1528052,18436,0,978.428571428571,0,6
"1043",2023-01-15,1528052,18436,0,743.571428571429,0,6.14285714285714
"1044",2023-01-16,1528052,18436,0,743.571428571429,0,6.14285714285714
"1045",2023-01-17,1528052,18436,0,743.571428571429,0,6.14285714285714
"1046",2023-01-18,1533257,18479,5205,743.571428571429,43,6.14285714285714
"1047",2023-01-19,1533257,18479,0,743.571428571429,0,6.14285714285714
"1048",2023-01-20,1533257,18479,0,743.571428571429,0,6.14285714285714
"1049",2023-01-21,1533257,18479,0,743.571428571429,0,6.14285714285714
"1050",2023-01-22,1533257,18479,0,717,0,6.57142857142857
"1051",2023-01-23,1533257,18479,0,717,0,6.57142857142857
"1052",2023-01-24,1533257,18479,0,717,0,6.57142857142857
"1053",2023-01-25,1538276,18525,5019,717,46,6.57142857142857
"1054",2023-01-26,1538276,18525,0,717,0,6.57142857142857
"1055",2023-01-27,1538276,18525,0,717,0,6.57142857142857
"1056",2023-01-28,1538276,18525,0,717,0,6.57142857142857
"1057",2023-01-29,1538276,18525,0,1461.71428571429,0,6.71428571428571
"1058",2023-01-30,1538276,18525,0,1461.71428571429,0,6.71428571428571
"1059",2023-01-31,1538276,18525,0,1461.71428571429,0,6.71428571428571
"1060",2023-02-01,1548508,18572,10232,1461.71428571429,47,6.71428571428571
"1061",2023-02-02,1548508,18572,0,1461.71428571429,0,6.71428571428571
"1062",2023-02-03,1548508,18572,0,1461.71428571429,0,6.71428571428571
"1063",2023-02-04,1548508,18572,0,1461.71428571429,0,6.71428571428571
"1064",2023-02-05,1548508,18572,0,996,0,7.42857142857143
"1065",2023-02-06,1548508,18572,0,996,0,7.42857142857143
"1066",2023-02-07,1548508,18572,0,996,0,7.42857142857143
"1067",2023-02-08,1555480,18624,6972,996,52,7.42857142857143
"1068",2023-02-09,1555480,18624,0,996,0,7.42857142857143
"1069",2023-02-10,1555480,18624,0,996,0,7.42857142857143
"1070",2023-02-11,1555480,18624,0,996,0,7.42857142857143
"1071",2023-02-12,1555480,18624,0,735.285714285714,0,6
"1072",2023-02-13,1555480,18624,0,735.285714285714,0,6
"1073",2023-02-14,1555480,18624,0,735.285714285714,0,6
"1074",2023-02-15,1560627,18666,5147,735.285714285714,42,6
"1075",2023-02-16,1560627,18666,0,735.285714285714,0,6
"1076",2023-02-17,1560627,18666,0,735.285714285714,0,6
"1077",2023-02-18,1560627,18666,0,735.285714285714,0,6
"1078",2023-02-19,1560627,18666,0,782.571428571429,0,5.71428571428571
"1079",2023-02-20,1560627,18666,0,782.571428571429,0,5.71428571428571
"1080",2023-02-21,1560627,18666,0,782.571428571429,0,5.71428571428571
"1081",2023-02-22,1566105,18706,5478,782.571428571429,40,5.71428571428571
"1082",2023-02-23,1566105,18706,0,782.571428571429,0,5.71428571428571
"1083",2023-02-24,1566105,18706,0,782.571428571429,0,5.71428571428571
"1084",2023-02-25,1566105,18706,0,782.571428571429,0,5.71428571428571
"1085",2023-02-26,1566105,18706,0,652.285714285714,0,4.57142857142857
"1086",2023-02-27,1566105,18706,0,652.285714285714,0,4.57142857142857
"1087",2023-02-28,1566105,18706,0,652.285714285714,0,4.57142857142857
"1088",2023-03-01,1570671,18738,4566,652.285714285714,32,4.57142857142857
"1089",2023-03-02,1570671,18738,0,652.285714285714,0,4.57142857142857
"1090",2023-03-03,1570671,18738,0,652.285714285714,0,4.57142857142857
"1091",2023-03-04,1570671,18738,0,652.285714285714,0,4.57142857142857
"1092",2023-03-05,1570671,18738,0,448.428571428571,0,4
"1093",2023-03-06,1570671,18738,0,448.428571428571,0,4
"1094",2023-03-07,1570671,18738,0,448.428571428571,0,4
"1095",2023-03-08,1573810,18766,3139,448.428571428571,28,4
"1096",2023-03-09,1573810,18766,0,448.428571428571,0,4
"1097",2023-03-10,1573810,18766,0,448.428571428571,0,4
"1098",2023-03-11,1573810,18766,0,448.428571428571,0,4
"1099",2023-03-12,1573810,18766,0,385.571428571429,0,5
"1100",2023-03-13,1573810,18766,0,385.571428571429,0,5
"1101",2023-03-14,1573810,18766,0,385.571428571429,0,5
"1102",2023-03-15,1576509,18801,2699,385.571428571429,35,5
"1103",2023-03-16,1576509,18801,0,385.571428571429,0,5
"1104",2023-03-17,1576509,18801,0,385.571428571429,0,5
"1105",2023-03-18,1576509,18801,0,385.571428571429,0,5
"1106",2023-03-19,1576509,18801,0,600,0,4.85714285714286
"1107",2023-03-20,1576509,18801,0,600,0,4.85714285714286
"1108",2023-03-21,1576509,18801,0,NA,0,NA
"1109",2023-03-22,1580709,18835,4200,NA,34,NA
"1110",2023-03-23,1580709,18835,0,NA,0,NA
